,test_acc,test_teacher/acc,test_loss,test_eval,train_acc,train_teacher/acc,train_loss,train_eval,epoch,lr,resume,epochs,pre,train_batch_size,test_batch_size,student,teacher,distillation,last_layer,student_layer,teacher_layer,layer,transform,dataset,exp_name
0,87.16,93.94,0.019017274031722094,1.077897168790238,88.15,90.648,0.00887726300069705,0.8311658100703793,50,0.001,False,50,50,128,128,MobileNet,ResNet101,att_max,"KD,T-8",6,26,0,"noise,0.1","cifar10,",noise/0.1
1,87.61,93.94,0.018348806738098966,1.0284441019160837,88.272,90.654,0.008999118133617178,0.816178150951405,50,0.001,False,50,50,128,128,MobileNet,ResNet101,att_max,"KD,T-8",15,56,1,"noise,0.1","cifar10,",noise/0.1
2,87.1,93.94,0.01988331079954588,1.0676559077788004,88.142,90.63,0.00918926681389513,0.8386572849224595,50,0.001,False,50,50,128,128,MobileNet,ResNet101,att_max,"KD,T-8",26,219,2,"noise,0.1","cifar10,",noise/0.1
3,87.46,93.94,0.023734633610407008,1.0495261680099028,88.24,90.682,0.012695479180539966,0.8224200182939734,50,0.001,False,50,50,128,128,MobileNet,ResNet101,att_max,"KD,T-8",55,239,3,"noise,0.1","cifar10,",noise/0.1
4,86.76,93.94,0.020557704063344607,1.1022341888916642,88.202,90.622,0.008981652248202993,0.8229323999808572,50,0.001,False,50,50,128,128,MobileNet,ResNet101,att_mean,"KD,T-8",6,26,0,"noise,0.1","cifar10,",noise/0.1
5,87.63,93.94,0.018592404791071444,1.0329340100288391,88.16,90.788,0.009008888129021049,0.8218453561939547,50,0.001,False,50,50,128,128,MobileNet,ResNet101,att_mean,"KD,T-8",15,56,1,"noise,0.1","cifar10,",noise/0.1
6,87.07,93.94,0.0213066530708648,1.075927916206891,87.992,90.546,0.009373367898633031,0.8326254972945089,50,0.001,False,50,50,128,128,MobileNet,ResNet101,att_mean,"KD,T-8",26,219,2,"noise,0.1","cifar10,",noise/0.1
7,87.76,93.94,0.03120070002690146,1.0216848144802866,87.828,90.622,0.019817333287366515,0.8488329552171175,50,0.001,False,50,50,128,128,MobileNet,ResNet101,att_mean,"KD,T-8",55,239,3,"noise,0.1","cifar10,",noise/0.1
8,87.19,93.94,84.01174337652665,1.040306939543048,87.972,90.586,74.79946269159731,0.8362845235011157,50,0.001,False,50,50,128,128,MobileNet,ResNet101,hint,"KD,T-8",6,26,0,"noise,0.1","cifar10,",noise/0.1
9,88.12,93.94,236.1482843326617,0.9933632163307334,88.24,90.778,154.11204930766465,0.8299326435531802,50,0.001,False,50,50,128,128,MobileNet,ResNet101,hint,"KD,T-8",15,56,1,"noise,0.1","cifar10,",noise/0.1
10,74.53,93.94,46342.03332519531,2.350156455100337,76.976,90.796,8956.787024924823,1.9292773906227267,50,0.001,False,50,50,128,128,MobileNet,ResNet101,hint,"KD,T-8",26,219,2,"noise,0.1","cifar10,",noise/0.1
11,18.94,93.94,22015.156728213347,3.8218838142443308,23.654,90.652,2794.366756995316,4.426303184855625,50,0.001,False,50,50,128,128,MobileNet,ResNet101,hint,"KD,T-8",55,239,3,"noise,0.1","cifar10,",noise/0.1
12,87.58,93.94,0.04600780603440502,1.0143473167208177,87.784,90.606,0.026154951094780738,0.8515886181150861,50,0.001,False,50,50,128,128,MobileNet,ResNet101,nst_linear,"KD,T-8",6,26,0,"noise,0.1","cifar10,",noise/0.1
13,87.92,93.94,0.032386200101692464,0.9907790426212021,88.392,90.546,0.017629802815349357,0.8268454929294489,50,0.001,False,50,50,128,128,MobileNet,ResNet101,nst_linear,"KD,T-8",15,56,1,"noise,0.1","cifar10,",noise/0.1
14,88.06,93.94,0.02595656841427465,0.9563814171507389,88.308,90.698,0.01296691802780494,0.8244397520561657,50,0.001,False,50,50,128,128,MobileNet,ResNet101,nst_linear,"KD,T-8",26,219,2,"noise,0.1","cifar10,",noise/0.1
15,87.12,93.94,0.027975204341773745,1.0750555407397355,88.004,90.66,0.015645547762818044,0.8500868403317069,50,0.001,False,50,50,128,128,MobileNet,ResNet101,nst_linear,"KD,T-8",55,239,3,"noise,0.1","cifar10,",noise/0.1
16,86.45,93.94,0.019957593783641918,1.1725102557411677,87.91,90.398,0.00890277621224332,0.8586595224602448,50,0.001,False,50,50,128,128,MobileNet,ResNet101,PKT,"KD,T-8",6,26,0,"noise,0.1","cifar10,",noise/0.1
17,86.4,93.94,0.02023562409360952,1.194991495790361,88.138,90.526,0.009039094683516513,0.824282032449532,50,0.001,False,50,50,128,128,MobileNet,ResNet101,PKT,"KD,T-8",15,56,1,"noise,0.1","cifar10,",noise/0.1
18,87.28,93.94,0.018492406234145164,1.0179716243019588,88.04,90.628,0.008812031581226136,0.8374821037587608,50,0.001,False,50,50,128,128,MobileNet,ResNet101,PKT,"KD,T-8",26,219,2,"noise,0.1","cifar10,",noise/0.1
19,86.96,93.94,0.01952579824984828,1.1246831888639475,87.988,90.5,0.008750958590889755,0.8319843583323462,50,0.001,False,50,50,128,128,MobileNet,ResNet101,PKT,"KD,T-8",55,239,3,"noise,0.1","cifar10,",noise/0.1
20,91.43,93.94,0.007839601050732257,0.6468867667113678,89.978,90.514,0.0040457567957508595,0.6263606363092847,50,0.001,False,50,50,128,128,ResNet18,ResNet101,att_max,"KD,T-8",10,26,0,"noise,0.1","cifar10,",noise/0.1
21,90.96,93.94,0.008038225406898728,0.7245045113789884,89.994,90.47,0.004189285281759775,0.6143622752421957,50,0.001,False,50,50,128,128,ResNet18,ResNet101,att_max,"KD,T-8",23,56,1,"noise,0.1","cifar10,",noise/0.1
22,91.89,93.94,0.007244332145333667,0.609600160318085,90.116,90.608,0.004194806116130536,0.617031317652034,50,0.001,False,50,50,128,128,ResNet18,ResNet101,att_max,"KD,T-8",35,219,2,"noise,0.1","cifar10,",noise/0.1
23,91.81,93.94,0.010007615106864065,0.5993196914279009,89.744,90.522,0.006100764532652124,0.6222080958773718,50,0.001,False,50,50,128,128,ResNet18,ResNet101,att_max,"KD,T-8",46,239,3,"noise,0.1","cifar10,",noise/0.1
24,91.52,93.94,0.007192700482386199,0.6798880507674399,89.934,90.788,0.0040354017296906014,0.6134018952508107,50,0.001,False,50,50,128,128,ResNet18,ResNet101,att_mean,"KD,T-8",10,26,0,"noise,0.1","cifar10,",noise/0.1
25,91.92,93.94,0.00725225134623013,0.6187612146516389,90.074,90.642,0.004135910940863897,0.6220653441251086,50,0.001,False,50,50,128,128,ResNet18,ResNet101,att_mean,"KD,T-8",23,56,1,"noise,0.1","cifar10,",noise/0.1
26,91.51,93.94,0.008079919822608368,0.6435608668606493,89.844,90.572,0.0043755597685037366,0.6302376169225444,50,0.001,False,50,50,128,128,ResNet18,ResNet101,att_mean,"KD,T-8",35,219,2,"noise,0.1","cifar10,",noise/0.1
27,91.89,93.94,0.016132826292062107,0.6486472217719766,89.682,90.666,0.010262610338380575,0.6510505479238832,50,0.001,False,50,50,128,128,ResNet18,ResNet101,att_mean,"KD,T-8",46,239,3,"noise,0.1","cifar10,",noise/0.1
28,91.14,93.94,13.027399558055249,0.7138044898268543,89.722,90.39,12.591105075748375,0.6419030708806289,50,0.001,False,50,50,128,128,ResNet18,ResNet101,hint,"KD,T-8",10,26,0,"noise,0.1","cifar10,",noise/0.1
29,91.54,93.94,68.19077619721618,0.6950992917335486,89.76,90.7,46.17369870822448,0.6361845767177889,50,0.001,False,50,50,128,128,ResNet18,ResNet101,hint,"KD,T-8",23,56,1,"noise,0.1","cifar10,",noise/0.1
30,70.99,93.94,32960.73316047765,2.688572320757033,75.872,90.59,5486.789672539362,1.8744117805110219,50,0.001,False,50,50,128,128,ResNet18,ResNet101,hint,"KD,T-8",35,219,2,"noise,0.1","cifar10,",noise/0.1
31,27.43,93.94,24272.238737432264,4.180791586260252,25.586,90.482,4370.604336741026,4.113367435572397,50,0.001,False,50,50,128,128,ResNet18,ResNet101,hint,"KD,T-8",46,239,3,"noise,0.1","cifar10,",noise/0.1
32,91.64,93.94,0.013584433984058567,0.6351525587371633,89.962,90.728,0.007873787555386267,0.6155972109769311,50,0.001,False,50,50,128,128,ResNet18,ResNet101,nst_linear,"KD,T-8",10,26,0,"noise,0.1","cifar10,",noise/0.1
33,91.89,93.94,0.014318434615867048,0.6379090729110604,89.718,90.662,0.007455812178818923,0.6441129806172817,50,0.001,False,50,50,128,128,ResNet18,ResNet101,nst_linear,"KD,T-8",23,56,1,"noise,0.1","cifar10,",noise/0.1
34,91.34,93.94,0.011169299483299255,0.6546098646483843,89.82,90.52,0.00570756474586056,0.6261758220089061,50,0.001,False,50,50,128,128,ResNet18,ResNet101,nst_linear,"KD,T-8",35,219,2,"noise,0.1","cifar10,",noise/0.1
35,91.79,93.94,0.013155518948465963,0.6221228666320632,89.814,90.786,0.008047057281169669,0.6360634435206423,50,0.001,False,50,50,128,128,ResNet18,ResNet101,nst_linear,"KD,T-8",46,239,3,"noise,0.1","cifar10,",noise/0.1
36,91.9,93.94,0.007030027894939803,0.6340672003128861,89.922,90.658,0.004022035501239931,0.6267036768176671,50,0.001,False,50,50,128,128,ResNet18,ResNet101,PKT,"KD,T-8",10,26,0,"noise,0.1","cifar10,",noise/0.1
37,91.76,93.94,0.007351871002229709,0.650978673485261,89.852,90.532,0.004058664558036134,0.625542307448814,50,0.001,False,50,50,128,128,ResNet18,ResNet101,PKT,"KD,T-8",23,56,1,"noise,0.1","cifar10,",noise/0.1
38,91.51,93.94,0.007517643588229637,0.6368691391205485,90.17,90.704,0.00398535441840663,0.6142381635468329,50,0.001,False,50,50,128,128,ResNet18,ResNet101,PKT,"KD,T-8",35,219,2,"noise,0.1","cifar10,",noise/0.1
39,91.73,93.94,0.0074345325119793415,0.6640541719720711,89.954,90.59,0.004115979014502843,0.6235726911412633,50,0.001,False,50,50,128,128,ResNet18,ResNet101,PKT,"KD,T-8",46,239,3,"noise,0.1","cifar10,",noise/0.1
40,77.59,93.94,0.04113586216316193,1.7835210946541797,50.066,49.914,0.007033174544277474,5.175421423924243,50,0.001,False,50,50,128,128,MobileNet,ResNet101,att_max,"KD,T-8",6,26,0,"noise,0.2","cifar10,",noise/0.2
41,74.02,93.94,0.04762750661259965,2.175769128188302,49.946,50.062,0.007063704463022063,5.172311048068659,50,0.001,False,50,50,128,128,MobileNet,ResNet101,att_max,"KD,T-8",15,56,1,"noise,0.2","cifar10,",noise/0.2
42,77.49,93.94,0.04291252730579316,1.7965270477005197,49.912,50.074,0.007154852825948192,5.173912593470815,50,0.001,False,50,50,128,128,MobileNet,ResNet101,att_max,"KD,T-8",26,219,2,"noise,0.2","cifar10,",noise/0.2
43,77.3,93.94,0.049910686768685715,1.8228457758698282,49.93,49.922,0.009748709809673411,5.169877919394647,50,0.001,False,50,50,128,128,MobileNet,ResNet101,att_max,"KD,T-8",55,239,3,"noise,0.2","cifar10,",noise/0.2
44,76.42,93.94,0.04449379283793365,1.822424110732501,50.03,49.994,0.007078267018194012,5.173035621643066,50,0.001,False,50,50,128,128,MobileNet,ResNet101,att_mean,"KD,T-8",6,26,0,"noise,0.2","cifar10,",noise/0.2
45,76.26,93.94,0.04361397791889649,1.9374569420573078,49.918,50.026,0.007147197224571348,5.197321366166215,50,0.001,False,50,50,128,128,MobileNet,ResNet101,att_mean,"KD,T-8",15,56,1,"noise,0.2","cifar10,",noise/0.2
46,73.16,93.94,0.0508713365732869,2.2838479974601844,49.748,49.92,0.007395066910416193,5.205787326368834,50,0.001,False,50,50,128,128,MobileNet,ResNet101,att_mean,"KD,T-8",26,219,2,"noise,0.2","cifar10,",noise/0.2
47,80.36,93.94,0.053956930112989646,1.3746995465664924,49.718,49.95,0.015103645453615415,5.220461427708111,50,0.001,False,50,50,128,128,MobileNet,ResNet101,att_mean,"KD,T-8",55,239,3,"noise,0.2","cifar10,",noise/0.2
48,76.26,93.94,96.97502300407314,1.8787259384046626,49.782,49.842,79.78257501704614,5.2099689882429665,50,0.001,False,50,50,128,128,MobileNet,ResNet101,hint,"KD,T-8",6,26,0,"noise,0.2","cifar10,",noise/0.2
49,82.04,93.94,308.70879779284513,1.3043168224865878,50.022,50.234,144.329470466165,5.221824891731867,50,0.001,False,50,50,128,128,MobileNet,ResNet101,hint,"KD,T-8",15,56,1,"noise,0.2","cifar10,",noise/0.2
50,69.73,93.94,49225.169972866395,2.5159603206417227,49.17,50.028,1268.7718114048014,5.241410177991823,50,0.001,False,50,50,128,128,MobileNet,ResNet101,hint,"KD,T-8",26,219,2,"noise,0.2","cifar10,",noise/0.2
51,11.45,93.94,30965.234649621987,12.715397532982163,14.152,50.158,487.81869612386464,8.518005844272311,50,0.001,False,50,50,128,128,MobileNet,ResNet101,hint,"KD,T-8",55,239,3,"noise,0.2","cifar10,",noise/0.2
52,73.46,93.94,0.0816089366621609,2.2432269733163377,49.838,49.802,0.023112024268721377,5.183490713539026,50,0.001,False,50,50,128,128,MobileNet,ResNet101,nst_linear,"KD,T-8",6,26,0,"noise,0.2","cifar10,",noise/0.2
53,75.23,93.94,0.06746925597515287,2.089877071259897,50.082,49.844,0.015308754008901698,5.207412433136454,50,0.001,False,50,50,128,128,MobileNet,ResNet101,nst_linear,"KD,T-8",15,56,1,"noise,0.2","cifar10,",noise/0.2
54,78.42,93.94,0.04765053649869146,1.6708400015589557,49.86,49.876,0.00979334556157022,5.184365552404652,50,0.001,False,50,50,128,128,MobileNet,ResNet101,nst_linear,"KD,T-8",26,219,2,"noise,0.2","cifar10,",noise/0.2
55,77.5,93.94,0.058862370262040366,1.8087113929700247,49.74,50.01,0.01285083179631273,5.2256011444589365,50,0.001,False,50,50,128,128,MobileNet,ResNet101,nst_linear,"KD,T-8",55,239,3,"noise,0.2","cifar10,",noise/0.2
56,75.71,93.94,0.045274449771718135,1.9526413279243662,49.666,49.81,0.006992176078650577,5.161105663270292,50,0.001,False,50,50,128,128,MobileNet,ResNet101,PKT,"KD,T-8",6,26,0,"noise,0.2","cifar10,",noise/0.2
57,76.49,93.94,0.04485440645602685,1.8568686035614979,49.72,49.944,0.00695362509302128,5.191479084741734,50,0.001,False,50,50,128,128,MobileNet,ResNet101,PKT,"KD,T-8",15,56,1,"noise,0.2","cifar10,",noise/0.2
58,73.54,93.94,0.04942637356587603,2.263737037212034,50.022,50.006,0.007058969696464441,5.172033697138052,50,0.001,False,50,50,128,128,MobileNet,ResNet101,PKT,"KD,T-8",26,219,2,"noise,0.2","cifar10,",noise/0.2
59,76.24,93.94,0.04433250573428371,1.942202220989179,49.728,49.662,0.007107705250620613,5.1706918700576745,50,0.001,False,50,50,128,128,MobileNet,ResNet101,PKT,"KD,T-8",55,239,3,"noise,0.2","cifar10,",noise/0.2
60,87.38,93.94,0.016770798771913294,0.9072461711077751,49.93,49.558,0.003720099960341859,5.28155451052634,50,0.001,False,50,50,128,128,ResNet18,ResNet101,att_max,"KD,T-8",10,26,0,"noise,0.2","cifar10,",noise/0.2
61,86.9,93.94,0.01686342868105143,0.9855751723428315,50.14,50.046,0.0037126475069767144,5.261139630661596,50,0.001,False,50,50,128,128,ResNet18,ResNet101,att_max,"KD,T-8",23,56,1,"noise,0.2","cifar10,",noise/0.2
62,86.43,93.94,0.018298976253010805,1.0744930635901946,49.932,50.144,0.003730845950839236,5.255175451488446,50,0.001,False,50,50,128,128,ResNet18,ResNet101,att_max,"KD,T-8",35,219,2,"noise,0.2","cifar10,",noise/0.2
63,89.03,93.94,0.01894894185699994,0.7891927566143531,50.238,50.122,0.005053007704875124,5.294448722049099,50,0.001,False,50,50,128,128,ResNet18,ResNet101,att_max,"KD,T-8",46,239,3,"noise,0.2","cifar10,",noise/0.2
64,87.55,93.94,0.01645937481824356,0.8890038717396652,50.07,49.882,0.0036835761459739617,5.2822300363379675,50,0.001,False,50,50,128,128,ResNet18,ResNet101,att_mean,"KD,T-8",10,26,0,"noise,0.2","cifar10,",noise/0.2
65,87.5,93.94,0.01722354161305518,0.9261104230639301,50.086,50.038,0.003738873528645319,5.2758806489617625,50,0.001,False,50,50,128,128,ResNet18,ResNet101,att_mean,"KD,T-8",23,56,1,"noise,0.2","cifar10,",noise/0.2
66,86.0,93.94,0.018836383200898955,1.0755163955537579,49.932,49.936,0.003879965115052736,5.308629148146686,50,0.001,False,50,50,128,128,ResNet18,ResNet101,att_mean,"KD,T-8",35,219,2,"noise,0.2","cifar10,",noise/0.2
67,88.29,93.94,0.026487258416187914,0.8236691632980033,49.764,49.89,0.008399049256025526,5.332063182235679,50,0.001,False,50,50,128,128,ResNet18,ResNet101,att_mean,"KD,T-8",46,239,3,"noise,0.2","cifar10,",noise/0.2
68,87.52,93.94,18.30600506746316,0.8946917377695253,49.956,49.85,14.817594662346803,5.3050023180139645,50,0.001,False,50,50,128,128,ResNet18,ResNet101,hint,"KD,T-8",10,26,0,"noise,0.2","cifar10,",noise/0.2
69,87.49,93.94,98.41646585585195,0.986979829925525,50.02,50.016,44.87176166349055,5.335689643459856,50,0.001,False,50,50,128,128,ResNet18,ResNet101,hint,"KD,T-8",23,56,1,"noise,0.2","cifar10,",noise/0.2
70,71.41,93.94,48703.95833539359,2.43680414972426,49.36,49.77,968.431985684368,5.192033939044494,50,0.001,False,50,50,128,128,ResNet18,ResNet101,hint,"KD,T-8",35,219,2,"noise,0.2","cifar10,",noise/0.2
71,13.34,93.94,30417.156798109223,9.229725433301322,13.964,49.678,376.94935103023755,8.699935410638599,50,0.001,False,50,50,128,128,ResNet18,ResNet101,hint,"KD,T-8",46,239,3,"noise,0.2","cifar10,",noise/0.2
72,87.28,93.94,0.02468258581018146,0.8335242022441912,50.136,50.006,0.0073706356860944984,5.2626594801997895,50,0.001,False,50,50,128,128,ResNet18,ResNet101,nst_linear,"KD,T-8",10,26,0,"noise,0.2","cifar10,",noise/0.2
73,87.9,93.94,0.026725505066068866,0.8560321619616279,49.892,49.83,0.006908072511215344,5.282309327893855,50,0.001,False,50,50,128,128,ResNet18,ResNet101,nst_linear,"KD,T-8",23,56,1,"noise,0.2","cifar10,",noise/0.2
74,88.32,93.94,0.018709088239488723,0.8745546578606472,50.024,49.948,0.0049561546380629245,5.298081889481801,50,0.001,False,50,50,128,128,ResNet18,ResNet101,nst_linear,"KD,T-8",35,219,2,"noise,0.2","cifar10,",noise/0.2
75,87.16,93.94,0.026042209230834924,0.9441009993794598,50.216,50.182,0.007135335060641589,5.26158654415394,50,0.001,False,50,50,128,128,ResNet18,ResNet101,nst_linear,"KD,T-8",46,239,3,"noise,0.2","cifar10,",noise/0.2
76,86.46,93.94,0.01720439515347722,1.0303507537781438,50.064,50.006,0.003657925556606763,5.278206141708452,50,0.001,False,50,50,128,128,ResNet18,ResNet101,PKT,"KD,T-8",10,26,0,"noise,0.2","cifar10,",noise/0.2
77,88.33,93.94,0.014675440785439708,0.8108871373571928,50.0,49.916,0.0037170097784465536,5.273709219130104,50,0.001,False,50,50,128,128,ResNet18,ResNet101,PKT,"KD,T-8",23,56,1,"noise,0.2","cifar10,",noise/0.2
78,87.62,93.94,0.015330613296054587,0.9147233023673673,49.952,49.842,0.003626259775055796,5.284965263303284,50,0.001,False,50,50,128,128,ResNet18,ResNet101,PKT,"KD,T-8",35,219,2,"noise,0.2","cifar10,",noise/0.2
79,87.67,93.94,0.015070431936485103,0.909312131661403,49.926,49.92,0.0036925035618159854,5.266032551865443,50,0.001,False,50,50,128,128,ResNet18,ResNet101,PKT,"KD,T-8",46,239,3,"noise,0.2","cifar10,",noise/0.2
80,51.55,93.94,0.09535074837600128,5.100688629512545,21.046,21.686,0.004099907508939314,12.874093624027184,50,0.001,False,50,50,128,128,MobileNet,ResNet101,att_max,"KD,T-8",6,26,0,"noise,0.30000000000000004","cifar10,",noise/0.30000000000000004
81,55.09,93.94,0.0879686708691754,4.023331693456143,21.064,21.838,0.004099696264852343,12.868223382993733,50,0.001,False,50,50,128,128,MobileNet,ResNet101,att_max,"KD,T-8",15,56,1,"noise,0.30000000000000004","cifar10,",noise/0.30000000000000004
82,57.31,93.94,0.08345784265783769,3.656704462027248,21.14,21.834,0.004120081108744683,12.887419620133421,50,0.001,False,50,50,128,128,MobileNet,ResNet101,att_max,"KD,T-8",26,219,2,"noise,0.30000000000000004","cifar10,",noise/0.30000000000000004
83,62.9,93.94,0.08748649730335308,2.904230902466593,20.856,21.616,0.005901129006424828,12.87616035090688,50,0.001,False,50,50,128,128,MobileNet,ResNet101,att_max,"KD,T-8",55,239,3,"noise,0.30000000000000004","cifar10,",noise/0.30000000000000004
84,56.54,93.94,0.08899969390675991,4.039114605022382,21.058,21.814,0.004158870602274299,12.873398041786135,50,0.001,False,50,50,128,128,MobileNet,ResNet101,att_mean,"KD,T-8",6,26,0,"noise,0.30000000000000004","cifar10,",noise/0.30000000000000004
85,58.67,93.94,0.083131196000908,3.6867648378203186,21.022,21.902,0.0042140159334349055,12.874907132609726,50,0.001,False,50,50,128,128,MobileNet,ResNet101,att_mean,"KD,T-8",15,56,1,"noise,0.30000000000000004","cifar10,",noise/0.30000000000000004
86,55.37,93.94,0.08973756159030938,3.8831194080883944,21.026,21.764,0.004327477141142921,12.83533111435678,50,0.001,False,50,50,128,128,MobileNet,ResNet101,att_mean,"KD,T-8",26,219,2,"noise,0.30000000000000004","cifar10,",noise/0.30000000000000004
87,64.6,93.94,0.09763610146090954,2.770206332206726,21.04,21.858,0.009188119355408126,12.933013818453036,50,0.001,False,50,50,128,128,MobileNet,ResNet101,att_mean,"KD,T-8",55,239,3,"noise,0.30000000000000004","cifar10,",noise/0.30000000000000004
88,62.48,93.94,106.48175174375123,2.975135486337203,21.232,21.764,87.58251674095993,12.845939706963346,50,0.001,False,50,50,128,128,MobileNet,ResNet101,hint,"KD,T-8",6,26,0,"noise,0.30000000000000004","cifar10,",noise/0.30000000000000004
89,64.59,93.94,425.8369202432753,3.0713701338707646,21.216,21.754,140.57934648362573,12.865287727102295,50,0.001,False,50,50,128,128,MobileNet,ResNet101,hint,"KD,T-8",15,56,1,"noise,0.30000000000000004","cifar10,",noise/0.30000000000000004
90,65.2,93.94,49566.502147819425,2.7878467659407025,20.948,21.706,306.5646742018287,12.932939780642615,50,0.001,False,50,50,128,128,MobileNet,ResNet101,hint,"KD,T-8",26,219,2,"noise,0.30000000000000004","cifar10,",noise/0.30000000000000004
91,19.17,93.94,31521.86338998698,11.734646495384506,15.486,21.844,10.294810663098874,13.599050465752097,50,0.001,False,50,50,128,128,MobileNet,ResNet101,hint,"KD,T-8",55,239,3,"noise,0.30000000000000004","cifar10,",noise/0.30000000000000004
92,45.86,93.94,0.15138177366196354,5.4196543150310275,21.13,21.872,0.019580702361700786,12.789571230368846,50,0.001,False,50,50,128,128,MobileNet,ResNet101,nst_linear,"KD,T-8",6,26,0,"noise,0.30000000000000004","cifar10,",noise/0.30000000000000004
93,60.8,93.94,0.10726175419514693,3.1705756911748573,20.97,21.702,0.011545010299309898,12.90823557675647,50,0.001,False,50,50,128,128,MobileNet,ResNet101,nst_linear,"KD,T-8",15,56,1,"noise,0.30000000000000004","cifar10,",noise/0.30000000000000004
94,57.72,93.94,0.09632568278267414,3.9373908223985117,21.14,21.834,0.006204748862063336,12.907918249554646,50,0.001,False,50,50,128,128,MobileNet,ResNet101,nst_linear,"KD,T-8",26,219,2,"noise,0.30000000000000004","cifar10,",noise/0.30000000000000004
95,67.95,93.94,0.08788336539947533,2.3861185251911983,21.15,21.728,0.007962463330715666,12.903589834032767,50,0.001,False,50,50,128,128,MobileNet,ResNet101,nst_linear,"KD,T-8",55,239,3,"noise,0.30000000000000004","cifar10,",noise/0.30000000000000004
96,54.37,93.94,0.0900879803149006,4.193795370150216,21.178,21.846,0.0040614573342149215,12.859696434586859,50,0.001,False,50,50,128,128,MobileNet,ResNet101,PKT,"KD,T-8",6,26,0,"noise,0.30000000000000004","cifar10,",noise/0.30000000000000004
97,57.7,93.94,0.0859038737378543,3.7823708027224,21.068,21.854,0.004129693478993748,12.86480021903582,50,0.001,False,50,50,128,128,MobileNet,ResNet101,PKT,"KD,T-8",15,56,1,"noise,0.30000000000000004","cifar10,",noise/0.30000000000000004
98,49.22,93.94,0.09988725581501104,5.2263925467865375,21.268,21.912,0.004118251228404929,12.847013429607577,50,0.001,False,50,50,128,128,MobileNet,ResNet101,PKT,"KD,T-8",26,219,2,"noise,0.30000000000000004","cifar10,",noise/0.30000000000000004
99,58.6,93.94,0.08326716136328782,3.4998230541808697,21.132,21.65,0.004083666374640125,12.874384309324768,50,0.001,False,50,50,128,128,MobileNet,ResNet101,PKT,"KD,T-8",55,239,3,"noise,0.30000000000000004","cifar10,",noise/0.30000000000000004
100,78.39,93.94,0.03578148159799697,1.6209319618683826,21.494,21.682,0.002331842916965237,12.953998333962677,50,0.001,False,50,50,128,128,ResNet18,ResNet101,att_max,"KD,T-8",10,26,0,"noise,0.30000000000000004","cifar10,",noise/0.30000000000000004
101,78.46,93.94,0.03760904493399813,1.5317668499825876,21.496,21.804,0.002411825449891922,12.999575712491788,50,0.001,False,50,50,128,128,ResNet18,ResNet101,att_max,"KD,T-8",23,56,1,"noise,0.30000000000000004","cifar10,",noise/0.30000000000000004
102,79.68,93.94,0.036836452051242696,1.5460084348539762,21.558,21.806,0.002404301229607114,12.98401778433329,50,0.001,False,50,50,128,128,ResNet18,ResNet101,att_max,"KD,T-8",35,219,2,"noise,0.30000000000000004","cifar10,",noise/0.30000000000000004
103,83.25,93.94,0.03460821756928027,1.1087233684485471,21.636,21.758,0.0032434782544460594,12.986555865353635,50,0.001,False,50,50,128,128,ResNet18,ResNet101,att_max,"KD,T-8",46,239,3,"noise,0.30000000000000004","cifar10,",noise/0.30000000000000004
104,79.98,93.94,0.03365051404490501,1.5032795697827883,21.562,21.836,0.0023228108803705905,12.979203048569467,50,0.001,False,50,50,128,128,ResNet18,ResNet101,att_mean,"KD,T-8",10,26,0,"noise,0.30000000000000004","cifar10,",noise/0.30000000000000004
105,78.02,93.94,0.038910186413345454,1.5852482884745054,21.56,21.738,0.002364494882183402,12.931869009266729,50,0.001,False,50,50,128,128,ResNet18,ResNet101,att_mean,"KD,T-8",23,56,1,"noise,0.30000000000000004","cifar10,",noise/0.30000000000000004
106,79.07,93.94,0.03887694682690162,1.564240328118771,21.382,21.728,0.0024451853366821165,12.970501707033122,50,0.001,False,50,50,128,128,ResNet18,ResNet101,att_mean,"KD,T-8",35,219,2,"noise,0.30000000000000004","cifar10,",noise/0.30000000000000004
107,81.0,93.94,0.048828628762990614,1.4275532221492333,21.53,21.69,0.005247721045999728,13.016984037121238,50,0.001,False,50,50,128,128,ResNet18,ResNet101,att_mean,"KD,T-8",46,239,3,"noise,0.30000000000000004","cifar10,",noise/0.30000000000000004
108,82.13,93.94,23.355072118058988,1.3610594815845731,21.542,21.764,16.629914383754095,12.976425897739732,50,0.001,False,50,50,128,128,ResNet18,ResNet101,hint,"KD,T-8",10,26,0,"noise,0.30000000000000004","cifar10,",noise/0.30000000000000004
109,83.26,93.94,131.62904821468305,1.3695303858080996,21.53,21.786,43.73081898018527,13.004027320295954,50,0.001,False,50,50,128,128,ResNet18,ResNet101,hint,"KD,T-8",23,56,1,"noise,0.30000000000000004","cifar10,",noise/0.30000000000000004
110,80.99,93.94,48630.06771657437,1.54446386008323,21.38,21.614,243.15657002480742,13.019847584502472,50,0.001,False,50,50,128,128,ResNet18,ResNet101,hint,"KD,T-8",35,219,2,"noise,0.30000000000000004","cifar10,",noise/0.30000000000000004
111,16.64,93.94,31503.90382661699,13.828853184663796,14.838,21.586,25.89414896257698,13.976709719509115,50,0.001,False,50,50,128,128,ResNet18,ResNet101,hint,"KD,T-8",46,239,3,"noise,0.30000000000000004","cifar10,",noise/0.30000000000000004
112,78.02,93.94,0.04608493194549899,1.716596569441542,21.566,21.88,0.0057359931447431255,12.942528414909187,50,0.001,False,50,50,128,128,ResNet18,ResNet101,nst_linear,"KD,T-8",10,26,0,"noise,0.30000000000000004","cifar10,",noise/0.30000000000000004
113,80.64,93.94,0.04684527991693231,1.5064309126214137,21.576,21.84,0.005231571131292969,12.966277146888206,50,0.001,False,50,50,128,128,ResNet18,ResNet101,nst_linear,"KD,T-8",23,56,1,"noise,0.30000000000000004","cifar10,",noise/0.30000000000000004
114,82.71,93.94,0.03256666172248653,1.2334772499301765,21.636,21.874,0.0032103585229371974,13.017774796546878,50,0.001,False,50,50,128,128,ResNet18,ResNet101,nst_linear,"KD,T-8",35,219,2,"noise,0.30000000000000004","cifar10,",noise/0.30000000000000004
115,83.03,93.94,0.04094866847124281,1.3159963258459597,21.618,22.034,0.0045384470792606355,13.003809011805698,50,0.001,False,50,50,128,128,ResNet18,ResNet101,nst_linear,"KD,T-8",46,239,3,"noise,0.30000000000000004","cifar10,",noise/0.30000000000000004
116,79.56,93.94,0.03571636274551289,1.515652077861979,21.588,21.852,0.0023545393451710073,12.978346392931536,50,0.001,False,50,50,128,128,ResNet18,ResNet101,PKT,"KD,T-8",10,26,0,"noise,0.30000000000000004","cifar10,",noise/0.30000000000000004
117,77.87,93.94,0.03907735933420024,1.802654599841637,21.264,21.642,0.002373073919964454,12.946932792663574,50,0.001,False,50,50,128,128,ResNet18,ResNet101,PKT,"KD,T-8",23,56,1,"noise,0.30000000000000004","cifar10,",noise/0.30000000000000004
118,75.78,93.94,0.041366279408147064,1.934567898134642,21.602,21.942,0.0023404962396311106,12.957479637906983,50,0.001,False,50,50,128,128,ResNet18,ResNet101,PKT,"KD,T-8",35,219,2,"noise,0.30000000000000004","cifar10,",noise/0.30000000000000004
119,78.27,93.94,0.038808851491046854,1.648554179487349,21.444,21.798,0.0023269903407815624,12.971091853383252,50,0.001,False,50,50,128,128,ResNet18,ResNet101,PKT,"KD,T-8",46,239,3,"noise,0.30000000000000004","cifar10,",noise/0.30000000000000004
120,32.0,93.94,0.14219442943606195,7.99167603480665,12.108,12.528,0.002215766665035063,22.016168150450568,50,0.001,False,50,50,128,128,MobileNet,ResNet101,att_max,"KD,T-8",6,26,0,"noise,0.4","cifar10,",noise/0.4
121,37.12,93.94,0.12881103016530412,5.757777129547505,12.008,12.476,0.0022422217164317247,22.01872842208199,50,0.001,False,50,50,128,128,MobileNet,ResNet101,att_max,"KD,T-8",15,56,1,"noise,0.4","cifar10,",noise/0.4
122,31.65,93.94,0.14318069523271126,7.877105139478853,12.16,12.522,0.0022505258422587876,22.005284853298647,50,0.001,False,50,50,128,128,MobileNet,ResNet101,att_max,"KD,T-8",26,219,2,"noise,0.4","cifar10,",noise/0.4
123,45.47,93.94,0.1277459326990043,4.233870011341723,12.226,12.546,0.0033978903981740287,22.038176202408188,50,0.001,False,50,50,128,128,MobileNet,ResNet101,att_max,"KD,T-8",55,239,3,"noise,0.4","cifar10,",noise/0.4
124,40.79,93.94,0.1225922260480591,5.772282540043698,12.204,12.514,0.0022353023585989654,22.021473462624318,50,0.001,False,50,50,128,128,MobileNet,ResNet101,att_mean,"KD,T-8",6,26,0,"noise,0.4","cifar10,",noise/0.4
125,28.09,93.94,0.14935483585430098,9.30713320985625,12.104,12.48,0.00228701331390692,22.007004950052636,50,0.001,False,50,50,128,128,MobileNet,ResNet101,att_mean,"KD,T-8",15,56,1,"noise,0.4","cifar10,",noise/0.4
126,34.51,93.94,0.1356214787575263,6.911335498471804,12.086,12.494,0.002374370824462255,22.050244660633606,50,0.001,False,50,50,128,128,MobileNet,ResNet101,att_mean,"KD,T-8",26,219,2,"noise,0.4","cifar10,",noise/0.4
127,46.92,93.94,0.1440307069805604,3.9659712737119652,11.976,12.4,0.00548190831818887,22.075482975796362,50,0.001,False,50,50,128,128,MobileNet,ResNet101,att_mean,"KD,T-8",55,239,3,"noise,0.4","cifar10,",noise/0.4
128,26.51,93.94,115.83203936226761,9.509138867824893,12.166,12.548,92.71115324991133,22.00630557262684,50,0.001,False,50,50,128,128,MobileNet,ResNet101,hint,"KD,T-8",6,26,0,"noise,0.4","cifar10,",noise/0.4
129,45.98,93.94,451.70123561424543,5.484229353409779,12.198,12.6,133.82672204995703,22.01220819224482,50,0.001,False,50,50,128,128,MobileNet,ResNet101,hint,"KD,T-8",15,56,1,"noise,0.4","cifar10,",noise/0.4
130,51.36,93.94,49789.19830554045,3.9601308695877653,12.158,12.516,200.76154692276666,22.074780842227398,50,0.001,False,50,50,128,128,MobileNet,ResNet101,hint,"KD,T-8",26,219,2,"noise,0.4","cifar10,",noise/0.4
131,28.73,93.94,31531.424393466757,8.00459982473639,11.694,12.604,29.522176421283152,22.310871758424412,50,0.001,False,50,50,128,128,MobileNet,ResNet101,hint,"KD,T-8",55,239,3,"noise,0.4","cifar10,",noise/0.4
132,19.4,93.94,0.24916268111784248,12.737275099452537,12.074,12.492,0.016750043724923183,21.937894372379077,50,0.001,False,50,50,128,128,MobileNet,ResNet101,nst_linear,"KD,T-8",6,26,0,"noise,0.4","cifar10,",noise/0.4
133,33.91,93.94,0.16527680901786948,6.884292173989212,12.198,12.586,0.009003191097827672,22.035791143431993,50,0.001,False,50,50,128,128,MobileNet,ResNet101,nst_linear,"KD,T-8",15,56,1,"noise,0.4","cifar10,",noise/0.4
134,34.64,93.94,0.1471694013740443,7.6185316918771475,12.136,12.496,0.003784088820428647,22.048909887328477,50,0.001,False,50,50,128,128,MobileNet,ResNet101,nst_linear,"KD,T-8",26,219,2,"noise,0.4","cifar10,",noise/0.4
135,42.32,93.94,0.14487862341766117,5.2021802890149855,12.146,12.634,0.005198458731269745,22.056689820935965,50,0.001,False,50,50,128,128,MobileNet,ResNet101,nst_linear,"KD,T-8",55,239,3,"noise,0.4","cifar10,",noise/0.4
136,27.75,93.94,0.14454518145398249,8.107570201535768,12.212,12.566,0.002186263414800091,22.0365961372395,50,0.001,False,50,50,128,128,MobileNet,ResNet101,PKT,"KD,T-8",6,26,0,"noise,0.4","cifar10,",noise/0.4
137,28.5,93.94,0.15177121362354182,8.13612459279314,12.12,12.57,0.0022431240474228816,22.01097616210313,50,0.001,False,50,50,128,128,MobileNet,ResNet101,PKT,"KD,T-8",15,56,1,"noise,0.4","cifar10,",noise/0.4
138,32.79,93.94,0.13475676824020433,6.700170118597489,12.06,12.47,0.0022332578000691158,22.016769355520264,50,0.001,False,50,50,128,128,MobileNet,ResNet101,PKT,"KD,T-8",26,219,2,"noise,0.4","cifar10,",noise/0.4
139,37.81,93.94,0.1294849328225172,5.847521643095378,12.094,12.516,0.0021762514589330575,22.065341242134114,50,0.001,False,50,50,128,128,MobileNet,ResNet101,PKT,"KD,T-8",55,239,3,"noise,0.4","cifar10,",noise/0.4
140,65.24,93.94,0.0698473360625249,2.923744987837876,12.274,12.46,0.001346730918455583,22.11118565434995,50,0.001,False,50,50,128,128,ResNet18,ResNet101,att_max,"KD,T-8",10,26,0,"noise,0.4","cifar10,",noise/0.4
141,58.22,93.94,0.08134703800270829,4.069648136066485,12.378,12.678,0.0013764233483523226,22.124429214945838,50,0.001,False,50,50,128,128,ResNet18,ResNet101,att_max,"KD,T-8",23,56,1,"noise,0.4","cifar10,",noise/0.4
142,61.67,93.94,0.07594425042596044,3.229390859603882,12.252,12.592,0.0013962750188539477,22.106918925214607,50,0.001,False,50,50,128,128,ResNet18,ResNet101,att_max,"KD,T-8",35,219,2,"noise,0.4","cifar10,",noise/0.4
143,74.38,93.94,0.05942843486613865,1.8157320701623265,12.34,12.532,0.0019618285956251843,22.10473972330313,50,0.001,False,50,50,128,128,ResNet18,ResNet101,att_max,"KD,T-8",46,239,3,"noise,0.4","cifar10,",noise/0.4
144,60.64,93.94,0.07428684708061098,3.6318441433242605,12.304,12.566,0.0013304582027041966,22.11088134199762,50,0.001,False,50,50,128,128,ResNet18,ResNet101,att_mean,"KD,T-8",10,26,0,"noise,0.4","cifar10,",noise/0.4
145,63.76,93.94,0.0704466539281833,4.033513375475437,12.284,12.49,0.0013601683909990503,22.150389020095396,50,0.001,False,50,50,128,128,ResNet18,ResNet101,att_mean,"KD,T-8",23,56,1,"noise,0.4","cifar10,",noise/0.4
146,66.08,93.94,0.0714793409916419,2.7783469761474224,12.338,12.542,0.0014126065145175228,22.072600367124124,50,0.001,False,50,50,128,128,ResNet18,ResNet101,att_mean,"KD,T-8",35,219,2,"noise,0.4","cifar10,",noise/0.4
147,68.81,93.94,0.08515710930658292,3.1522614261772057,12.29,12.408,0.0031923981844340366,22.134457688197454,50,0.001,False,50,50,128,128,ResNet18,ResNet101,att_mean,"KD,T-8",46,239,3,"noise,0.4","cifar10,",noise/0.4
148,67.84,93.94,28.995238774939427,2.7036228134662292,12.372,12.486,18.474565281587488,22.100865122607296,50,0.001,False,50,50,128,128,ResNet18,ResNet101,hint,"KD,T-8",10,26,0,"noise,0.4","cifar10,",noise/0.4
149,75.85,93.94,158.2074480660354,2.1061223730256287,12.436,12.638,42.49223209585985,22.156070611665925,50,0.001,False,50,50,128,128,ResNet18,ResNet101,hint,"KD,T-8",23,56,1,"noise,0.4","cifar10,",noise/0.4
150,77.05,93.94,49075.05853039705,1.9678571676906151,12.366,12.532,87.93571368751624,22.093024095306006,50,0.001,False,50,50,128,128,ResNet18,ResNet101,hint,"KD,T-8",35,219,2,"noise,0.4","cifar10,",noise/0.4
151,61.98,93.94,31531.147352641143,2.4910344458833524,12.142,12.508,0.3225403573659375,22.250772617662044,50,0.001,False,50,50,128,128,ResNet18,ResNet101,hint,"KD,T-8",46,239,3,"noise,0.4","cifar10,",noise/0.4
152,65.74,93.94,0.08197676239511635,2.8810708884951435,12.302,12.5,0.004544959840652964,22.08095330045656,50,0.001,False,50,50,128,128,ResNet18,ResNet101,nst_linear,"KD,T-8",10,26,0,"noise,0.4","cifar10,",noise/0.4
153,67.67,93.94,0.08273870460217513,3.1824586647975295,12.246,12.52,0.003951187289017432,22.108620016776083,50,0.001,False,50,50,128,128,ResNet18,ResNet101,nst_linear,"KD,T-8",23,56,1,"noise,0.4","cifar10,",noise/0.4
154,71.01,93.94,0.06891207175352905,2.4481186353707614,12.382,12.482,0.0020521528946826485,22.092124353589305,50,0.001,False,50,50,128,128,ResNet18,ResNet101,nst_linear,"KD,T-8",35,219,2,"noise,0.4","cifar10,",noise/0.4
155,73.44,93.94,0.06931088657318792,2.2239035820659203,12.3,12.45,0.0029417595044826457,22.13684691797437,50,0.001,False,50,50,128,128,ResNet18,ResNet101,nst_linear,"KD,T-8",46,239,3,"noise,0.4","cifar10,",noise/0.4
156,62.68,93.94,0.07119736009383504,3.5121316758892203,12.338,12.562,0.0013782730658926888,22.076286628118257,50,0.001,False,50,50,128,128,ResNet18,ResNet101,PKT,"KD,T-8",10,26,0,"noise,0.4","cifar10,",noise/0.4
157,65.77,93.94,0.0687809090919887,2.5745020772837384,12.246,12.578,0.00134506719672214,22.073788338000206,50,0.001,False,50,50,128,128,ResNet18,ResNet101,PKT,"KD,T-8",23,56,1,"noise,0.4","cifar10,",noise/0.4
158,63.06,93.94,0.0705125275291974,2.9826141641109802,12.446,12.582,0.0013694605484004597,22.08068403746466,50,0.001,False,50,50,128,128,ResNet18,ResNet101,PKT,"KD,T-8",35,219,2,"noise,0.4","cifar10,",noise/0.4
159,66.65,93.94,0.06910451478030108,2.5083482612537433,12.326,12.452,0.0013641596970069782,22.08856405565501,50,0.001,False,50,50,128,128,ResNet18,ResNet101,PKT,"KD,T-8",46,239,3,"noise,0.4","cifar10,",noise/0.4
160,16.59,93.94,0.19726561141919485,12.607888076878801,10.208,10.378,0.0010958641316131939,29.98415544026953,50,0.001,False,50,50,128,128,MobileNet,ResNet101,att_max,"KD,T-8",6,26,0,"noise,0.5","cifar10,",noise/0.5
161,15.95,93.94,0.21373542879201188,14.949884909617749,10.184,10.346,0.0011108315688536485,30.051991055383706,50,0.001,False,50,50,128,128,MobileNet,ResNet101,att_max,"KD,T-8",15,56,1,"noise,0.5","cifar10,",noise/0.5
162,16.68,93.94,0.1893072705480117,11.280782506435733,10.246,10.328,0.0011336230208425571,30.016620918917837,50,0.001,False,50,50,128,128,MobileNet,ResNet101,att_max,"KD,T-8",26,219,2,"noise,0.5","cifar10,",noise/0.5
163,21.29,93.94,0.18194640814503538,8.953512258167509,10.3,10.376,0.002018293308075089,30.019937676237063,50,0.001,False,50,50,128,128,MobileNet,ResNet101,att_max,"KD,T-8",55,239,3,"noise,0.5","cifar10,",noise/0.5
164,16.93,93.94,0.20289731270904782,12.826048162919056,10.226,10.372,0.0011051668637536963,30.012637043243174,50,0.001,False,50,50,128,128,MobileNet,ResNet101,att_mean,"KD,T-8",6,26,0,"noise,0.5","cifar10,",noise/0.5
165,16.52,93.94,0.19483199112022978,13.332655073721197,10.222,10.372,0.0011661533938299225,30.05246374613184,50,0.001,False,50,50,128,128,MobileNet,ResNet101,att_mean,"KD,T-8",15,56,1,"noise,0.5","cifar10,",noise/0.5
166,18.58,93.94,0.18246604483338852,10.691631232635885,10.25,10.346,0.0012529902125927893,30.035821080512708,50,0.001,False,50,50,128,128,MobileNet,ResNet101,att_mean,"KD,T-8",26,219,2,"noise,0.5","cifar10,",noise/0.5
167,25.06,93.94,0.18932395192641246,6.482007117211064,10.23,10.402,0.003338149839254749,30.024323548807207,50,0.001,False,50,50,128,128,MobileNet,ResNet101,att_mean,"KD,T-8",55,239,3,"noise,0.5","cifar10,",noise/0.5
168,20.47,93.94,131.43386377262163,9.721557134314429,10.202,10.332,100.94019089330493,30.030990556682774,50,0.001,False,50,50,128,128,MobileNet,ResNet101,hint,"KD,T-8",6,26,0,"noise,0.5","cifar10,",noise/0.5
169,20.49,93.94,550.2435959441752,9.599963689152199,10.282,10.348,131.73083090233376,30.00834984059834,50,0.001,False,50,50,128,128,MobileNet,ResNet101,hint,"KD,T-8",15,56,1,"noise,0.5","cifar10,",noise/0.5
170,24.18,93.94,50040.004589225675,7.615912479690358,10.228,10.372,173.48478425555217,30.066654985822986,50,0.001,False,50,50,128,128,MobileNet,ResNet101,hint,"KD,T-8",26,219,2,"noise,0.5","cifar10,",noise/0.5
171,25.53,93.94,31539.656677910043,5.365058687668812,10.17,10.388,0.40995012844919854,30.100023976982097,50,0.001,False,50,50,128,128,MobileNet,ResNet101,hint,"KD,T-8",55,239,3,"noise,0.5","cifar10,",noise/0.5
172,16.32,93.94,0.26348436670967296,9.984317550176307,10.198,10.378,0.015029657120004182,29.927814966577397,50,0.001,False,50,50,128,128,MobileNet,ResNet101,nst_linear,"KD,T-8",6,26,0,"noise,0.5","cifar10,",noise/0.5
173,19.92,93.94,0.21509689130360568,9.47453246539152,10.234,10.356,0.007507386943682685,30.019537781815394,50,0.001,False,50,50,128,128,MobileNet,ResNet101,nst_linear,"KD,T-8",15,56,1,"noise,0.5","cifar10,",noise/0.5
174,21.96,93.94,0.1877653259265272,9.716363303269013,10.224,10.33,0.0023512754349938364,30.07757027374814,50,0.001,False,50,50,128,128,MobileNet,ResNet101,nst_linear,"KD,T-8",26,219,2,"noise,0.5","cifar10,",noise/0.5
175,29.03,93.94,0.17641648348373704,6.229441709156278,10.214,10.36,0.003650567855785989,30.043163231266735,50,0.001,False,50,50,128,128,MobileNet,ResNet101,nst_linear,"KD,T-8",55,239,3,"noise,0.5","cifar10,",noise/0.5
176,20.03,93.94,0.1784047139219091,10.378841798516769,10.244,10.362,0.0010712380141979726,30.005352669054894,50,0.001,False,50,50,128,128,MobileNet,ResNet101,PKT,"KD,T-8",6,26,0,"noise,0.5","cifar10,",noise/0.5
177,17.47,93.94,0.19760538241531275,12.170085037810892,10.194,10.354,0.0010969180475606027,29.999083540933515,50,0.001,False,50,50,128,128,MobileNet,ResNet101,PKT,"KD,T-8",15,56,1,"noise,0.5","cifar10,",noise/0.5
178,18.24,93.94,0.18840540473974204,11.510990939562834,10.168,10.302,0.0010537077374148953,30.067181770149094,50,0.001,False,50,50,128,128,MobileNet,ResNet101,PKT,"KD,T-8",26,219,2,"noise,0.5","cifar10,",noise/0.5
179,19.4,93.94,0.1778147318695165,9.753222272365909,10.218,10.342,0.0010994851379000279,30.019075730267694,50,0.001,False,50,50,128,128,MobileNet,ResNet101,PKT,"KD,T-8",55,239,3,"noise,0.5","cifar10,",noise/0.5
180,32.6,93.94,0.13198496882296815,7.015907245346263,10.278,10.346,0.0006927965038284526,30.038799417598167,50,0.001,False,50,50,128,128,ResNet18,ResNet101,att_max,"KD,T-8",10,26,0,"noise,0.5","cifar10,",noise/0.5
181,46.36,93.94,0.11072444331042375,4.618462079687964,10.29,10.33,0.0007228628912990641,30.04607390869609,50,0.001,False,50,50,128,128,ResNet18,ResNet101,att_max,"KD,T-8",23,56,1,"noise,0.5","cifar10,",noise/0.5
182,39.09,93.94,0.1239070299116871,6.341505020479612,10.306,10.368,0.0007348427240250875,30.04842643054855,50,0.001,False,50,50,128,128,ResNet18,ResNet101,att_max,"KD,T-8",35,219,2,"noise,0.5","cifar10,",noise/0.5
183,59.64,93.94,0.09966549984639204,2.9101001175144052,10.284,10.356,0.0011788660005661552,30.070862762763372,50,0.001,False,50,50,128,128,ResNet18,ResNet101,att_max,"KD,T-8",46,239,3,"noise,0.5","cifar10,",noise/0.5
184,52.78,93.94,0.10115018449252165,3.444725703589524,10.23,10.31,0.0006883021236708164,30.064599503031776,50,0.001,False,50,50,128,128,ResNet18,ResNet101,att_mean,"KD,T-8",10,26,0,"noise,0.5","cifar10,",noise/0.5
185,49.68,93.94,0.10478354669824431,4.0044173047512395,10.282,10.36,0.0007091268396560017,30.02470037943262,50,0.001,False,50,50,128,128,ResNet18,ResNet101,att_mean,"KD,T-8",23,56,1,"noise,0.5","cifar10,",noise/0.5
186,34.39,93.94,0.13126801689968834,6.7806404331062415,10.312,10.396,0.0007576465928543578,30.066675991048594,50,0.001,False,50,50,128,128,ResNet18,ResNet101,att_mean,"KD,T-8",35,219,2,"noise,0.5","cifar10,",noise/0.5
187,54.49,93.94,0.11854187040766583,2.9931474033790297,10.278,10.334,0.001960231760895485,30.07084449904654,50,0.001,False,50,50,128,128,ResNet18,ResNet101,att_mean,"KD,T-8",46,239,3,"noise,0.5","cifar10,",noise/0.5
188,46.92,93.94,35.259119492542894,4.07376896882359,10.25,10.32,20.23903387220924,30.080925441459012,50,0.001,False,50,50,128,128,ResNet18,ResNet101,hint,"KD,T-8",10,26,0,"noise,0.5","cifar10,",noise/0.5
189,60.78,93.94,189.19138133374952,3.2275763538819326,10.302,10.41,42.251193834387735,30.097498237629377,50,0.001,False,50,50,128,128,ResNet18,ResNet101,hint,"KD,T-8",23,56,1,"noise,0.5","cifar10,",noise/0.5
190,66.63,93.94,49336.82570368127,2.427371382713318,10.316,10.396,72.64207173613332,30.089169114447007,50,0.001,False,50,50,128,128,ResNet18,ResNet101,hint,"KD,T-8",35,219,2,"noise,0.5","cifar10,",noise/0.5
191,45.23,93.94,31541.90070782432,4.388611386093912,10.294,10.39,0.24303614239558538,30.095564288556425,50,0.001,False,50,50,128,128,ResNet18,ResNet101,hint,"KD,T-8",46,239,3,"noise,0.5","cifar10,",noise/0.5
192,53.52,93.94,0.11373371347973618,3.0840837864936153,10.272,10.326,0.003713223761628808,30.05325691047532,50,0.001,False,50,50,128,128,ResNet18,ResNet101,nst_linear,"KD,T-8",10,26,0,"noise,0.5","cifar10,",noise/0.5
193,42.06,93.94,0.13316012786913523,5.106021431427967,10.27,10.344,0.0030637063357569373,30.067552595797096,50,0.001,False,50,50,128,128,ResNet18,ResNet101,nst_linear,"KD,T-8",23,56,1,"noise,0.5","cifar10,",noise/0.5
194,59.71,93.94,0.09444875939737392,3.3317954540252686,10.308,10.352,0.0012652222016502333,30.054391441442778,50,0.001,False,50,50,128,128,ResNet18,ResNet101,nst_linear,"KD,T-8",35,219,2,"noise,0.5","cifar10,",noise/0.5
195,59.56,93.94,0.10956169730877574,3.0284067105643357,10.324,10.364,0.002126837918913597,30.052328470722795,50,0.001,False,50,50,128,128,ResNet18,ResNet101,nst_linear,"KD,T-8",46,239,3,"noise,0.5","cifar10,",noise/0.5
196,33.0,93.94,0.1303821690852129,7.708730275117898,10.322,10.4,0.0006909019157738255,30.026781716310154,50,0.001,False,50,50,128,128,ResNet18,ResNet101,PKT,"KD,T-8",10,26,0,"noise,0.5","cifar10,",noise/0.5
197,48.33,93.94,0.10705226131632359,4.577946982806242,10.29,10.324,0.0006888783992389622,30.042275645848736,50,0.001,False,50,50,128,128,ResNet18,ResNet101,PKT,"KD,T-8",23,56,1,"noise,0.5","cifar10,",noise/0.5
198,41.34,93.94,0.11562053481989269,5.216753217238415,10.264,10.338,0.0006998707730885204,30.03138917791264,50,0.001,False,50,50,128,128,ResNet18,ResNet101,PKT,"KD,T-8",35,219,2,"noise,0.5","cifar10,",noise/0.5
199,34.37,93.94,0.12813831563991837,6.665043571327306,10.29,10.376,0.0007030042727231322,30.017682243795957,50,0.001,False,50,50,128,128,ResNet18,ResNet101,PKT,"KD,T-8",46,239,3,"noise,0.5","cifar10,",noise/0.5
200,15.87,93.94,0.21869598838347423,14.11007278780394,10.012,10.03,0.0005922209942038111,35.384004602651764,50,0.001,False,50,50,128,128,MobileNet,ResNet101,att_max,"KD,T-8",6,26,0,"noise,0.6000000000000001","cifar10,",noise/0.6000000000000001
201,15.41,93.94,0.22281729382804677,14.79893222036241,10.02,10.046,0.0006235147525807676,35.389646378929356,50,0.001,False,50,50,128,128,MobileNet,ResNet101,att_max,"KD,T-8",15,56,1,"noise,0.6000000000000001","cifar10,",noise/0.6000000000000001
202,13.66,93.94,0.24708194860929175,16.684083709233924,10.022,10.06,0.0006428921225723689,35.383089041161114,50,0.001,False,50,50,128,128,MobileNet,ResNet101,att_max,"KD,T-8",26,219,2,"noise,0.6000000000000001","cifar10,",noise/0.6000000000000001
203,17.95,93.94,0.1852010894048063,8.026419035996064,10.028,10.058,0.0013598680848736896,35.40643522745508,50,0.001,False,50,50,128,128,MobileNet,ResNet101,att_max,"KD,T-8",55,239,3,"noise,0.6000000000000001","cifar10,",noise/0.6000000000000001
204,16.29,93.94,0.22519626892820188,15.239042801193044,10.02,10.062,0.0005995778517578455,35.42642172401214,50,0.001,False,50,50,128,128,MobileNet,ResNet101,att_mean,"KD,T-8",6,26,0,"noise,0.6000000000000001","cifar10,",noise/0.6000000000000001
205,15.25,93.94,0.2320295772220515,15.394999648951277,10.024,10.066,0.0006589538565434306,35.39997677424984,50,0.001,False,50,50,128,128,MobileNet,ResNet101,att_mean,"KD,T-8",15,56,1,"noise,0.6000000000000001","cifar10,",noise/0.6000000000000001
206,15.2,93.94,0.2207938325178774,14.348704410504691,10.022,10.058,0.000725657504070979,35.400329823993964,50,0.001,False,50,50,128,128,MobileNet,ResNet101,att_mean,"KD,T-8",26,219,2,"noise,0.6000000000000001","cifar10,",noise/0.6000000000000001
207,14.08,93.94,0.22925731388828421,11.24682121035419,10.022,10.064,0.0022780470156451437,35.390011463018936,50,0.001,False,50,50,128,128,MobileNet,ResNet101,att_mean,"KD,T-8",55,239,3,"noise,0.6000000000000001","cifar10,",noise/0.6000000000000001
208,13.14,93.94,147.07667792597903,14.733841751195207,10.03,10.074,105.88868766062704,35.34984154957335,50,0.001,False,50,50,128,128,MobileNet,ResNet101,hint,"KD,T-8",6,26,0,"noise,0.6000000000000001","cifar10,",noise/0.6000000000000001
209,13.36,93.94,604.0291616705399,12.834523877011069,10.026,10.052,129.79775286818403,35.37510027482991,50,0.001,False,50,50,128,128,MobileNet,ResNet101,hint,"KD,T-8",15,56,1,"noise,0.6000000000000001","cifar10,",noise/0.6000000000000001
210,22.09,93.94,50119.29588762114,7.316271649131292,10.024,10.052,157.99582642850365,35.461451010935754,50,0.001,False,50,50,128,128,MobileNet,ResNet101,hint,"KD,T-8",26,219,2,"noise,0.6000000000000001","cifar10,",noise/0.6000000000000001
211,15.5,93.94,31538.442811012268,10.861909347244456,10.03,10.054,0.35426167354864235,35.45742751021519,50,0.001,False,50,50,128,128,MobileNet,ResNet101,hint,"KD,T-8",55,239,3,"noise,0.6000000000000001","cifar10,",noise/0.6000000000000001
212,14.78,93.94,0.3173193641101258,13.047872700268709,10.016,10.052,0.014237757188641963,35.334027312295824,50,0.001,False,50,50,128,128,MobileNet,ResNet101,nst_linear,"KD,T-8",6,26,0,"noise,0.6000000000000001","cifar10,",noise/0.6000000000000001
213,13.42,93.94,0.2726328284302844,15.275363282312322,10.018,10.054,0.006611434322403139,35.37431431060557,50,0.001,False,50,50,128,128,MobileNet,ResNet101,nst_linear,"KD,T-8",15,56,1,"noise,0.6000000000000001","cifar10,",noise/0.6000000000000001
214,17.39,93.94,0.19011910806728316,8.776968334294573,10.032,10.04,0.0016361333449464053,35.430307446843216,50,0.001,False,50,50,128,128,MobileNet,ResNet101,nst_linear,"KD,T-8",26,219,2,"noise,0.6000000000000001","cifar10,",noise/0.6000000000000001
215,22.9,93.94,0.2014874434923824,6.053636007671114,10.024,10.062,0.0029245879044970664,35.45388119300003,50,0.001,False,50,50,128,128,MobileNet,ResNet101,nst_linear,"KD,T-8",55,239,3,"noise,0.6000000000000001","cifar10,",noise/0.6000000000000001
216,15.04,93.94,0.23000016601025303,15.780928527252584,10.022,10.052,0.0005849374593217688,35.3878745398558,50,0.001,False,50,50,128,128,MobileNet,ResNet101,PKT,"KD,T-8",6,26,0,"noise,0.6000000000000001","cifar10,",noise/0.6000000000000001
217,12.53,93.94,0.20917064687119255,14.300429923624932,10.01,10.05,0.0005697765925159568,35.343508020386366,50,0.001,False,50,50,128,128,MobileNet,ResNet101,PKT,"KD,T-8",15,56,1,"noise,0.6000000000000001","cifar10,",noise/0.6000000000000001
218,14.83,93.94,0.24338240034972566,16.901707178429714,10.024,10.068,0.0005692081519818206,35.35512975902508,50,0.001,False,50,50,128,128,MobileNet,ResNet101,PKT,"KD,T-8",26,219,2,"noise,0.6000000000000001","cifar10,",noise/0.6000000000000001
219,16.68,93.94,0.20288587616214268,12.637117989455597,10.03,10.046,0.0005849441524584303,35.36074243726023,50,0.001,False,50,50,128,128,MobileNet,ResNet101,PKT,"KD,T-8",55,239,3,"noise,0.6000000000000001","cifar10,",noise/0.6000000000000001
220,25.13,93.94,0.1596274762591229,8.436260271675978,10.03,10.038,0.0003628501483751937,35.438571768953366,50,0.001,False,50,50,128,128,ResNet18,ResNet101,att_max,"KD,T-8",10,26,0,"noise,0.6000000000000001","cifar10,",noise/0.6000000000000001
221,29.33,93.94,0.1424585954297947,6.191662927217122,10.038,10.06,0.00039956743205639075,35.401057514083355,50,0.001,False,50,50,128,128,ResNet18,ResNet101,att_max,"KD,T-8",23,56,1,"noise,0.6000000000000001","cifar10,",noise/0.6000000000000001
222,29.44,93.94,0.1451281037511705,6.495536031602304,10.034,10.052,0.0004055034777130503,35.41690389823426,50,0.001,False,50,50,128,128,ResNet18,ResNet101,att_max,"KD,T-8",35,219,2,"noise,0.6000000000000001","cifar10,",noise/0.6000000000000001
223,40.6,93.94,0.12992006398831743,4.713310323184049,10.032,10.044,0.0007731762508947469,35.451152786879284,50,0.001,False,50,50,128,128,ResNet18,ResNet101,att_max,"KD,T-8",46,239,3,"noise,0.6000000000000001","cifar10,",noise/0.6000000000000001
224,27.27,93.94,0.1394470919725261,6.281603595878504,10.014,10.044,0.0003770308807933503,35.42463598714765,50,0.001,False,50,50,128,128,ResNet18,ResNet101,att_mean,"KD,T-8",10,26,0,"noise,0.6000000000000001","cifar10,",noise/0.6000000000000001
225,23.85,93.94,0.1549223269088359,9.176955494699598,10.036,10.058,0.0004026252665328305,35.42350468550192,50,0.001,False,50,50,128,128,ResNet18,ResNet101,att_mean,"KD,T-8",23,56,1,"noise,0.6000000000000001","cifar10,",noise/0.6000000000000001
226,24.82,93.94,0.15494439326509646,8.6628606772121,10.026,10.058,0.0004362664550937036,35.3871658012995,50,0.001,False,50,50,128,128,ResNet18,ResNet101,att_mean,"KD,T-8",35,219,2,"noise,0.6000000000000001","cifar10,",noise/0.6000000000000001
227,36.98,93.94,0.1616108575953713,5.418938606600218,10.026,10.048,0.0013156965692930132,35.46318615671924,50,0.001,False,50,50,128,128,ResNet18,ResNet101,att_mean,"KD,T-8",46,239,3,"noise,0.6000000000000001","cifar10,",noise/0.6000000000000001
228,32.18,93.94,40.27421632597718,6.3266825675964355,10.04,10.044,21.670094360780837,35.450019938866504,50,0.001,False,50,50,128,128,ResNet18,ResNet101,hint,"KD,T-8",10,26,0,"noise,0.6000000000000001","cifar10,",noise/0.6000000000000001
229,50.42,93.94,226.6821105570733,3.598694095128699,10.046,10.066,41.9593979525749,35.480434105524324,50,0.001,False,50,50,128,128,ResNet18,ResNet101,hint,"KD,T-8",23,56,1,"noise,0.6000000000000001","cifar10,",noise/0.6000000000000001
230,53.08,93.94,49562.05833879302,3.2985924406896663,10.022,10.042,64.98604903745529,35.51017240246239,50,0.001,False,50,50,128,128,ResNet18,ResNet101,hint,"KD,T-8",35,219,2,"noise,0.6000000000000001","cifar10,",noise/0.6000000000000001
231,35.97,93.94,31542.72425239901,7.131420551976071,10.03,10.042,0.20589582770681747,35.48018902342033,50,0.001,False,50,50,128,128,ResNet18,ResNet101,hint,"KD,T-8",46,239,3,"noise,0.6000000000000001","cifar10,",noise/0.6000000000000001
232,22.44,93.94,0.176390038449553,8.82589505593988,10.032,10.068,0.0032666639997707228,35.421503227994876,50,0.001,False,50,50,128,128,ResNet18,ResNet101,nst_linear,"KD,T-8",10,26,0,"noise,0.6000000000000001","cifar10,",noise/0.6000000000000001
233,23.22,93.94,0.18080530872073355,8.774976917459995,10.022,10.046,0.0026223472732802866,35.47748765677137,50,0.001,False,50,50,128,128,ResNet18,ResNet101,nst_linear,"KD,T-8",23,56,1,"noise,0.6000000000000001","cifar10,",noise/0.6000000000000001
234,42.46,93.94,0.12633494881889487,3.906506330152101,10.03,10.042,0.0008547724751026734,35.45000630449456,50,0.001,False,50,50,128,128,ResNet18,ResNet101,nst_linear,"KD,T-8",35,219,2,"noise,0.6000000000000001","cifar10,",noise/0.6000000000000001
235,40.1,93.94,0.14600766478460045,4.752871214588986,10.03,10.046,0.0016780127628284798,35.46282679955368,50,0.001,False,50,50,128,128,ResNet18,ResNet101,nst_linear,"KD,T-8",46,239,3,"noise,0.6000000000000001","cifar10,",noise/0.6000000000000001
236,17.47,93.94,0.17659190448024606,10.550799212878264,10.024,10.076,0.00038611004519832496,35.401036552760914,50,0.001,False,50,50,128,128,ResNet18,ResNet101,PKT,"KD,T-8",10,26,0,"noise,0.6000000000000001","cifar10,",noise/0.6000000000000001
237,25.36,93.94,0.16137394591977325,8.97001152400729,10.042,10.054,0.000373795895059855,35.43378319215896,50,0.001,False,50,50,128,128,ResNet18,ResNet101,PKT,"KD,T-8",23,56,1,"noise,0.6000000000000001","cifar10,",noise/0.6000000000000001
238,22.48,93.94,0.1560822359368771,8.849457583849944,10.032,10.042,0.0003737942615608492,35.41621836006184,50,0.001,False,50,50,128,128,ResNet18,ResNet101,PKT,"KD,T-8",35,219,2,"noise,0.6000000000000001","cifar10,",noise/0.6000000000000001
239,25.41,93.94,0.14955592909945717,7.540125985688801,10.028,10.05,0.0003712631639880974,35.44938568446947,50,0.001,False,50,50,128,128,ResNet18,ResNet101,PKT,"KD,T-8",46,239,3,"noise,0.6000000000000001","cifar10,",noise/0.6000000000000001
240,10.91,93.94,0.24238570487197442,17.130810979046398,10.002,10.01,0.0004066170952931914,38.416238331124,50,0.001,False,50,50,128,128,MobileNet,ResNet101,att_max,"KD,T-8",6,26,0,"noise,0.7000000000000001","cifar10,",noise/0.7000000000000001
241,12.83,93.94,0.24192647390727756,17.377930460096916,10.01,10.018,0.0004346541641458697,38.413908468183045,50,0.001,False,50,50,128,128,MobileNet,ResNet101,att_max,"KD,T-8",15,56,1,"noise,0.7000000000000001","cifar10,",noise/0.7000000000000001
242,14.7,93.94,0.26569590689260747,19.19315260875074,10.002,10.014,0.00045619481679378435,38.43390739421405,50,0.001,False,50,50,128,128,MobileNet,ResNet101,att_max,"KD,T-8",26,219,2,"noise,0.7000000000000001","cifar10,",noise/0.7000000000000001
243,12.84,93.94,0.23268906168545347,14.667466912088514,10.0,10.01,0.00103643932975257,38.41893531233453,50,0.001,False,50,50,128,128,MobileNet,ResNet101,att_max,"KD,T-8",55,239,3,"noise,0.7000000000000001","cifar10,",noise/0.7000000000000001
244,11.6,93.94,0.21266707136661192,13.635810695117033,10.008,10.014,0.00040799773292546934,38.43290631423521,50,0.001,False,50,50,128,128,MobileNet,ResNet101,att_mean,"KD,T-8",6,26,0,"noise,0.7000000000000001","cifar10,",noise/0.7000000000000001
245,12.01,93.94,0.23155177186561537,15.502074012273475,10.002,10.01,0.0004717827156928065,38.44233667515123,50,0.001,False,50,50,128,128,MobileNet,ResNet101,att_mean,"KD,T-8",15,56,1,"noise,0.7000000000000001","cifar10,",noise/0.7000000000000001
246,13.21,93.94,0.2553410507455657,18.047521832623058,10.0,10.012,0.0005572967958794978,38.40661847438959,50,0.001,False,50,50,128,128,MobileNet,ResNet101,att_mean,"KD,T-8",26,219,2,"noise,0.7000000000000001","cifar10,",noise/0.7000000000000001
247,12.7,93.94,0.2913562553592875,16.23396569264086,10.006,10.01,0.0017667780261096137,38.4418777114595,50,0.001,False,50,50,128,128,MobileNet,ResNet101,att_mean,"KD,T-8",55,239,3,"noise,0.7000000000000001","cifar10,",noise/0.7000000000000001
248,10.79,93.94,158.7612036210072,12.722993609271471,10.002,10.02,111.74382536124695,38.38764213113224,50,0.001,False,50,50,128,128,MobileNet,ResNet101,hint,"KD,T-8",6,26,0,"noise,0.7000000000000001","cifar10,",noise/0.7000000000000001
249,10.44,93.94,662.0498981717267,15.338042633442939,10.002,10.006,129.74020198422014,38.45378189867415,50,0.001,False,50,50,128,128,MobileNet,ResNet101,hint,"KD,T-8",15,56,1,"noise,0.7000000000000001","cifar10,",noise/0.7000000000000001
250,10.33,93.94,50528.399296627766,18.1010448842109,10.004,10.01,149.2910170299013,38.449899541752416,50,0.001,False,50,50,128,128,MobileNet,ResNet101,hint,"KD,T-8",26,219,2,"noise,0.7000000000000001","cifar10,",noise/0.7000000000000001
251,11.45,93.94,31540.072283014466,10.10798296143737,10.0,10.008,0.31572890053014924,38.50338238279533,50,0.001,False,50,50,128,128,MobileNet,ResNet101,hint,"KD,T-8",55,239,3,"noise,0.7000000000000001","cifar10,",noise/0.7000000000000001
252,10.0,93.94,0.3516986570026301,23.78490489042258,10.0,10.028,0.013998067509049496,38.373719471494866,50,0.001,False,50,50,128,128,MobileNet,ResNet101,nst_linear,"KD,T-8",6,26,0,"noise,0.7000000000000001","cifar10,",noise/0.7000000000000001
253,10.66,93.94,0.30611304844482035,19.430093451391294,10.01,10.01,0.006255849931493897,38.424755964742594,50,0.001,False,50,50,128,128,MobileNet,ResNet101,nst_linear,"KD,T-8",15,56,1,"noise,0.7000000000000001","cifar10,",noise/0.7000000000000001
254,11.68,93.94,0.2545251395506195,16.85446635379067,10.008,10.012,0.0013461877613345071,38.46964354649224,50,0.001,False,50,50,128,128,MobileNet,ResNet101,nst_linear,"KD,T-8",26,219,2,"noise,0.7000000000000001","cifar10,",noise/0.7000000000000001
255,12.29,93.94,0.25152235374420506,13.903329873386818,10.004,10.016,0.0026353101485439806,38.45391864240017,50,0.001,False,50,50,128,128,MobileNet,ResNet101,nst_linear,"KD,T-8",55,239,3,"noise,0.7000000000000001","cifar10,",noise/0.7000000000000001
256,11.89,93.94,0.23849443563177616,16.62830293631252,10.006,10.014,0.0003979766490253503,38.40588278416782,50,0.001,False,50,50,128,128,MobileNet,ResNet101,PKT,"KD,T-8",6,26,0,"noise,0.7000000000000001","cifar10,",noise/0.7000000000000001
257,10.81,93.94,0.23148557091061073,15.452441638029075,10.008,10.02,0.0003927825398378722,38.403001448687384,50,0.001,False,50,50,128,128,MobileNet,ResNet101,PKT,"KD,T-8",15,56,1,"noise,0.7000000000000001","cifar10,",noise/0.7000000000000001
258,10.04,93.94,0.2563413177864461,19.366364008263698,10.0,10.014,0.0003959545559729771,38.421874385355686,50,0.001,False,50,50,128,128,MobileNet,ResNet101,PKT,"KD,T-8",26,219,2,"noise,0.7000000000000001","cifar10,",noise/0.7000000000000001
259,10.98,93.94,0.23333296198633652,15.792176717444312,10.012,10.02,0.0003923964059210199,38.43641094783383,50,0.001,False,50,50,128,128,MobileNet,ResNet101,PKT,"KD,T-8",55,239,3,"noise,0.7000000000000001","cifar10,",noise/0.7000000000000001
260,22.52,93.94,0.15625623170333572,6.564624713945992,10.006,10.018,0.0002503839535135514,38.46028028912556,50,0.001,False,50,50,128,128,ResNet18,ResNet101,att_max,"KD,T-8",10,26,0,"noise,0.7000000000000001","cifar10,",noise/0.7000000000000001
261,25.76,93.94,0.1494594655836685,5.960255115847044,10.008,10.014,0.0002767713212728491,38.45455919934051,50,0.001,False,50,50,128,128,ResNet18,ResNet101,att_max,"KD,T-8",23,56,1,"noise,0.7000000000000001","cifar10,",noise/0.7000000000000001
262,18.85,93.94,0.1659511514479601,8.635875846766218,10.01,10.02,0.0002773131219023491,38.461102107601704,50,0.001,False,50,50,128,128,ResNet18,ResNet101,att_max,"KD,T-8",35,219,2,"noise,0.7000000000000001","cifar10,",noise/0.7000000000000001
263,31.97,93.94,0.16016859815845005,6.062396942814694,10.01,10.01,0.0005913220874160109,38.46916080679735,50,0.001,False,50,50,128,128,ResNet18,ResNet101,att_max,"KD,T-8",46,239,3,"noise,0.7000000000000001","cifar10,",noise/0.7000000000000001
264,15.56,93.94,0.1801615736529797,11.518784704087656,10.004,10.01,0.00024677396741817177,38.490461139727735,50,0.001,False,50,50,128,128,ResNet18,ResNet101,att_mean,"KD,T-8",10,26,0,"noise,0.7000000000000001","cifar10,",noise/0.7000000000000001
265,23.5,93.94,0.15509884644158278,7.057388885111749,10.006,10.014,0.0002753073119965103,38.44658257955176,50,0.001,False,50,50,128,128,ResNet18,ResNet101,att_mean,"KD,T-8",23,56,1,"noise,0.7000000000000001","cifar10,",noise/0.7000000000000001
266,29.54,93.94,0.15609716143034683,6.247470354732079,10.004,10.016,0.00030760784064630365,38.47074807208517,50,0.001,False,50,50,128,128,ResNet18,ResNet101,att_mean,"KD,T-8",35,219,2,"noise,0.7000000000000001","cifar10,",noise/0.7000000000000001
267,32.69,93.94,0.16824229966990556,5.010525938830798,10.002,10.018,0.001023229695392101,38.50534258596123,50,0.001,False,50,50,128,128,ResNet18,ResNet101,att_mean,"KD,T-8",46,239,3,"noise,0.7000000000000001","cifar10,",noise/0.7000000000000001
268,25.97,93.94,50.42142626605457,8.40988373454613,10.006,10.014,23.29480686821901,38.52341734356892,50,0.001,False,50,50,128,128,ResNet18,ResNet101,hint,"KD,T-8",10,26,0,"noise,0.7000000000000001","cifar10,",noise/0.7000000000000001
269,38.74,93.94,261.6253156058396,4.884604740746414,10.016,10.022,41.733589904082706,38.51188232343825,50,0.001,False,50,50,128,128,ResNet18,ResNet101,hint,"KD,T-8",23,56,1,"noise,0.7000000000000001","cifar10,",noise/0.7000000000000001
270,44.98,93.94,49727.201255315464,3.501372195497344,10.006,10.018,60.56024101628062,38.56007109151777,50,0.001,False,50,50,128,128,ResNet18,ResNet101,hint,"KD,T-8",35,219,2,"noise,0.7000000000000001","cifar10,",noise/0.7000000000000001
271,28.67,93.94,31542.905737725996,6.602795371526404,10.018,10.024,0.1782150029221459,38.52568292251938,50,0.001,False,50,50,128,128,ResNet18,ResNet101,hint,"KD,T-8",46,239,3,"noise,0.7000000000000001","cifar10,",noise/0.7000000000000001
272,17.32,93.94,0.19185769671126257,8.504603947265238,10.01,10.018,0.0030691980085361874,38.456703771410695,50,0.001,False,50,50,128,128,ResNet18,ResNet101,nst_linear,"KD,T-8",10,26,0,"noise,0.7000000000000001","cifar10,",noise/0.7000000000000001
273,16.21,93.94,0.2092547967464109,9.842935646636576,10.002,10.006,0.0024406005166318565,38.50664625631269,50,0.001,False,50,50,128,128,ResNet18,ResNet101,nst_linear,"KD,T-8",23,56,1,"noise,0.7000000000000001","cifar10,",noise/0.7000000000000001
274,31.29,93.94,0.15214269127272353,5.003789747817607,10.01,10.014,0.0006617415935167915,38.48228610689988,50,0.001,False,50,50,128,128,ResNet18,ResNet101,nst_linear,"KD,T-8",35,219,2,"noise,0.7000000000000001","cifar10,",noise/0.7000000000000001
275,31.92,93.94,0.16725141262706322,6.263830685917335,10.006,10.016,0.0014818525555141062,38.52195070466727,50,0.001,False,50,50,128,128,ResNet18,ResNet101,nst_linear,"KD,T-8",46,239,3,"noise,0.7000000000000001","cifar10,",noise/0.7000000000000001
276,20.07,93.94,0.17121237610714346,9.550278899035876,10.01,10.018,0.0002517467520980979,38.45257048350771,50,0.001,False,50,50,128,128,ResNet18,ResNet101,PKT,"KD,T-8",10,26,0,"noise,0.7000000000000001","cifar10,",noise/0.7000000000000001
277,20.64,93.94,0.1627776200258279,8.025082256220564,10.006,10.01,0.0002558269896610018,38.45651344631029,50,0.001,False,50,50,128,128,ResNet18,ResNet101,PKT,"KD,T-8",23,56,1,"noise,0.7000000000000001","cifar10,",noise/0.7000000000000001
278,19.81,93.94,0.16661316345009622,8.646782422367531,10.014,10.004,0.00024762671899206486,38.44506651544205,50,0.001,False,50,50,128,128,ResNet18,ResNet101,PKT,"KD,T-8",35,219,2,"noise,0.7000000000000001","cifar10,",noise/0.7000000000000001
279,19.96,93.94,0.1673618581476091,9.058557866494867,10.01,10.018,0.0002529352866223349,38.420001144604306,50,0.001,False,50,50,128,128,ResNet18,ResNet101,PKT,"KD,T-8",46,239,3,"noise,0.7000000000000001","cifar10,",noise/0.7000000000000001
280,10.02,93.94,0.24558155540424056,18.26418245291408,10.004,10.01,0.0003517044075366343,39.62248553888267,50,0.001,False,50,50,128,128,MobileNet,ResNet101,att_max,"KD,T-8",6,26,0,"noise,0.8","cifar10,",noise/0.8
281,10.0,93.94,0.25514661794221855,18.26763142211528,10.004,10.006,0.000380809835689452,39.59282636520503,50,0.001,False,50,50,128,128,MobileNet,ResNet101,att_max,"KD,T-8",15,56,1,"noise,0.8","cifar10,",noise/0.8
282,10.02,93.94,0.2335993807904328,15.84818856927413,10.0,10.004,0.0003955485884283605,39.63232780905331,50,0.001,False,50,50,128,128,MobileNet,ResNet101,att_max,"KD,T-8",26,219,2,"noise,0.8","cifar10,",noise/0.8
283,10.22,93.94,0.2347534987368161,15.21826954129376,10.002,10.004,0.0008997424878418217,39.64891765428626,50,0.001,False,50,50,128,128,MobileNet,ResNet101,att_max,"KD,T-8",55,239,3,"noise,0.8","cifar10,",noise/0.8
284,10.03,93.94,0.2631006022042866,20.544633768781832,10.008,10.01,0.00035665011292596195,39.67521176740642,50,0.001,False,50,50,128,128,MobileNet,ResNet101,att_mean,"KD,T-8",6,26,0,"noise,0.8","cifar10,",noise/0.8
285,10.0,93.94,0.2594478552854514,19.240336671660216,10.002,10.006,0.000415963776078542,39.65141602733251,50,0.001,False,50,50,128,128,MobileNet,ResNet101,att_mean,"KD,T-8",15,56,1,"noise,0.8","cifar10,",noise/0.8
286,10.0,93.94,0.2960955311980429,24.14638002612923,10.0,10.01,0.0004984811744075078,39.68670966497163,50,0.001,False,50,50,128,128,MobileNet,ResNet101,att_mean,"KD,T-8",26,219,2,"noise,0.8","cifar10,",noise/0.8
287,10.02,93.94,0.2542416306236122,12.758588090727601,10.002,9.998,0.0015253538526046801,39.63157669418608,50,0.001,False,50,50,128,128,MobileNet,ResNet101,att_mean,"KD,T-8",55,239,3,"noise,0.8","cifar10,",noise/0.8
288,10.0,93.94,165.54942205887806,24.149583092218712,10.004,10.014,117.57692591674493,39.644671818179546,50,0.001,False,50,50,128,128,MobileNet,ResNet101,hint,"KD,T-8",6,26,0,"noise,0.8","cifar10,",noise/0.8
289,10.04,93.94,638.7450607879252,14.982812012298197,10.002,9.998,127.26396608474614,39.68375888443969,50,0.001,False,50,50,128,128,MobileNet,ResNet101,hint,"KD,T-8",15,56,1,"noise,0.8","cifar10,",noise/0.8
290,10.4,93.94,50547.186792301225,15.767960186246075,10.008,10.012,143.44001223669028,39.728327426764054,50,0.001,False,50,50,128,128,MobileNet,ResNet101,hint,"KD,T-8",26,219,2,"noise,0.8","cifar10,",noise/0.8
291,10.02,93.94,31539.453881879395,13.464323949210252,10.002,10.008,0.277556199437517,39.70949362245057,50,0.001,False,50,50,128,128,MobileNet,ResNet101,hint,"KD,T-8",55,239,3,"noise,0.8","cifar10,",noise/0.8
292,10.01,93.94,0.3754575377023673,24.262506847140155,10.006,10.01,0.01353180054289377,39.58876186868419,50,0.001,False,50,50,128,128,MobileNet,ResNet101,nst_linear,"KD,T-8",6,26,0,"noise,0.8","cifar10,",noise/0.8
293,10.0,93.94,0.36633861178084265,26.064878246452235,10.0,10.008,0.006067676648326085,39.61326580584202,50,0.001,False,50,50,128,128,MobileNet,ResNet101,nst_linear,"KD,T-8",15,56,1,"noise,0.8","cifar10,",noise/0.8
294,10.18,93.94,0.2516615339849569,17.48757755907276,10.004,10.014,0.0012028713381904014,39.66667509932652,50,0.001,False,50,50,128,128,MobileNet,ResNet101,nst_linear,"KD,T-8",26,219,2,"noise,0.8","cifar10,",noise/0.8
295,10.56,93.94,0.24033169071131114,13.297543899922431,10.01,10.01,0.002477563803901186,39.66071454216452,50,0.001,False,50,50,128,128,MobileNet,ResNet101,nst_linear,"KD,T-8",55,239,3,"noise,0.8","cifar10,",noise/0.8
296,10.0,93.94,0.2475235126441038,18.50949041149284,10.008,10.014,0.0003311229942892285,39.64883005283678,50,0.001,False,50,50,128,128,MobileNet,ResNet101,PKT,"KD,T-8",6,26,0,"noise,0.8","cifar10,",noise/0.8
297,10.01,93.94,0.28889152935788603,23.012041912803166,10.004,10.012,0.00033675422402940774,39.64940310622115,50,0.001,False,50,50,128,128,MobileNet,ResNet101,PKT,"KD,T-8",15,56,1,"noise,0.8","cifar10,",noise/0.8
298,10.01,93.94,0.2854934877987149,23.26353464247305,10.006,10.01,0.0003343013242063353,39.61069746090628,50,0.001,False,50,50,128,128,MobileNet,ResNet101,PKT,"KD,T-8",26,219,2,"noise,0.8","cifar10,",noise/0.8
299,10.04,93.94,0.2675288496892663,20.362621693671503,10.004,10.026,0.0003343586501179506,39.64228082251976,50,0.001,False,50,50,128,128,MobileNet,ResNet101,PKT,"KD,T-8",55,239,3,"noise,0.8","cifar10,",noise/0.8
300,20.16,93.94,0.16222271681586398,8.074425274812722,10.006,10.012,0.00021428268351752903,39.663972488754546,50,0.001,False,50,50,128,128,ResNet18,ResNet101,att_max,"KD,T-8",10,26,0,"noise,0.8","cifar10,",noise/0.8
301,14.25,93.94,0.1994459629058838,13.045379831821103,10.004,10.004,0.00022947169115940762,39.712307405593755,50,0.001,False,50,50,128,128,ResNet18,ResNet101,att_max,"KD,T-8",23,56,1,"noise,0.8","cifar10,",noise/0.8
302,14.16,93.94,0.16871880975705159,9.306641053549852,10.004,10.012,0.00023745225913360564,39.70292854796895,50,0.001,False,50,50,128,128,ResNet18,ResNet101,att_max,"KD,T-8",35,219,2,"noise,0.8","cifar10,",noise/0.8
303,25.46,93.94,0.18342818319797516,9.361680230007895,10.004,10.012,0.0005156254568381373,39.725649206839556,50,0.001,False,50,50,128,128,ResNet18,ResNet101,att_max,"KD,T-8",46,239,3,"noise,0.8","cifar10,",noise/0.8
304,16.11,93.94,0.16592636761031573,8.697826150097425,10.002,10.004,0.000215553244992095,39.681165641531,50,0.001,False,50,50,128,128,ResNet18,ResNet101,att_mean,"KD,T-8",10,26,0,"noise,0.8","cifar10,",noise/0.8
305,15.57,93.94,0.19299896476389486,12.272073431860042,10.0,9.998,0.0002338417350267515,39.70946217802784,50,0.001,False,50,50,128,128,ResNet18,ResNet101,att_mean,"KD,T-8",23,56,1,"noise,0.8","cifar10,",noise/0.8
306,15.41,93.94,0.17746878934057453,9.892650302452378,10.004,10.012,0.0002716917556066238,39.703390380000826,50,0.001,False,50,50,128,128,ResNet18,ResNet101,att_mean,"KD,T-8",35,219,2,"noise,0.8","cifar10,",noise/0.8
307,25.98,93.94,0.19811959545823593,7.764855789232858,10.002,10.008,0.0008728763758790825,39.72603281318684,50,0.001,False,50,50,128,128,ResNet18,ResNet101,att_mean,"KD,T-8",46,239,3,"noise,0.8","cifar10,",noise/0.8
308,21.93,93.94,54.533476769169674,8.392693791208387,10.01,10.01,24.707745608161478,39.72156152944736,50,0.001,False,50,50,128,128,ResNet18,ResNet101,hint,"KD,T-8",10,26,0,"noise,0.8","cifar10,",noise/0.8
309,24.06,93.94,293.2484204256082,6.899898191041585,10.004,10.014,41.05255323053931,39.751326675610166,50,0.001,False,50,50,128,128,ResNet18,ResNet101,hint,"KD,T-8",23,56,1,"noise,0.8","cifar10,",noise/0.8
310,38.03,93.94,49776.57527566258,5.900063665607307,10.01,10.014,58.292081876788906,39.77263763310659,50,0.001,False,50,50,128,128,ResNet18,ResNet101,hint,"KD,T-8",35,219,2,"noise,0.8","cifar10,",noise/0.8
311,26.41,93.94,31540.008038665674,8.39639270758327,10.01,10.012,0.15732093124895755,39.7760278355435,50,0.001,False,50,50,128,128,ResNet18,ResNet101,hint,"KD,T-8",46,239,3,"noise,0.8","cifar10,",noise/0.8
312,13.69,93.94,0.2184243487029136,12.265374413019494,10.014,10.016,0.002897811645660978,39.69036949138202,50,0.001,False,50,50,128,128,ResNet18,ResNet101,nst_linear,"KD,T-8",10,26,0,"noise,0.8","cifar10,",noise/0.8
313,12.8,93.94,0.22732691014114814,12.65265930755229,10.006,10.012,0.002355998155691892,39.723808532480696,50,0.001,False,50,50,128,128,ResNet18,ResNet101,nst_linear,"KD,T-8",23,56,1,"noise,0.8","cifar10,",noise/0.8
314,26.01,93.94,0.16367846218091023,6.858039077324204,10.01,10.012,0.0005834901867948873,39.71593599246286,50,0.001,False,50,50,128,128,ResNet18,ResNet101,nst_linear,"KD,T-8",35,219,2,"noise,0.8","cifar10,",noise/0.8
315,27.58,93.94,0.18071985810617858,7.507918333705468,10.01,10.012,0.0013939520612697277,39.74095183077371,50,0.001,False,50,50,128,128,ResNet18,ResNet101,nst_linear,"KD,T-8",46,239,3,"noise,0.8","cifar10,",noise/0.8
316,14.42,93.94,0.18521413508849807,11.149770615976069,10.002,10.008,0.00022133687169283934,39.67485640542891,50,0.001,False,50,50,128,128,ResNet18,ResNet101,PKT,"KD,T-8",10,26,0,"noise,0.8","cifar10,",noise/0.8
317,13.96,93.94,0.2112215847908696,14.240925813023049,10.004,10.01,0.00021380363718506492,39.67045839119445,50,0.001,False,50,50,128,128,ResNet18,ResNet101,PKT,"KD,T-8",23,56,1,"noise,0.8","cifar10,",noise/0.8
318,14.17,93.94,0.19991314882719063,13.361736201032807,10.002,10.006,0.00022196873349299574,39.69242173021712,50,0.001,False,50,50,128,128,ResNet18,ResNet101,PKT,"KD,T-8",35,219,2,"noise,0.8","cifar10,",noise/0.8
319,11.77,93.94,0.19050516452215896,12.690232952938803,10.006,10.012,0.00021525747783611887,39.66866896646407,50,0.001,False,50,50,128,128,ResNet18,ResNet101,PKT,"KD,T-8",46,239,3,"noise,0.8","cifar10,",noise/0.8
320,10.0,93.94,0.30475650369366514,25.90329010878937,10.006,10.008,0.0003498857936915963,39.58686040307555,50,0.001,False,50,50,128,128,MobileNet,ResNet101,att_max,"KD,T-8",6,26,0,"noise,0.9","cifar10,",noise/0.9
321,10.0,93.94,0.31493778998338723,26.31719741338416,10.006,10.012,0.0003816255856135055,39.598985013449585,50,0.001,False,50,50,128,128,MobileNet,ResNet101,att_max,"KD,T-8",15,56,1,"noise,0.9","cifar10,",noise/0.9
322,10.0,93.94,0.3586700871775422,29.944354262533068,10.004,10.022,0.00040464301113053545,39.60020711171963,50,0.001,False,50,50,128,128,MobileNet,ResNet101,att_max,"KD,T-8",26,219,2,"noise,0.9","cifar10,",noise/0.9
323,10.0,93.94,0.3166424760335608,24.72480078588558,9.996,10.008,0.0008551770240030326,39.61622999147381,50,0.001,False,50,50,128,128,MobileNet,ResNet101,att_max,"KD,T-8",55,239,3,"noise,0.9","cifar10,",noise/0.9
324,10.07,93.94,0.22076042656657063,15.825662250760235,10.006,10.01,0.0003644219991040018,39.60402472610669,50,0.001,False,50,50,128,128,MobileNet,ResNet101,att_mean,"KD,T-8",6,26,0,"noise,0.9","cifar10,",noise/0.9
325,10.0,93.94,0.3564978302279605,30.333113682420947,10.002,10.012,0.0004082067609530018,39.60073747171465,50,0.001,False,50,50,128,128,MobileNet,ResNet101,att_mean,"KD,T-8",15,56,1,"noise,0.9","cifar10,",noise/0.9
326,10.0,93.94,0.29058110676234283,24.11028811297839,10.01,10.012,0.0005186570456514702,39.60770624068082,50,0.001,False,50,50,128,128,MobileNet,ResNet101,att_mean,"KD,T-8",26,219,2,"noise,0.9","cifar10,",noise/0.9
327,10.01,93.94,0.33993694488006304,23.031551433514945,10.012,10.024,0.0014267460180475088,39.61086694663748,50,0.001,False,50,50,128,128,MobileNet,ResNet101,att_mean,"KD,T-8",55,239,3,"noise,0.9","cifar10,",noise/0.9
328,10.01,93.94,176.05643125123615,30.114969977849647,10.008,10.018,123.63421976230943,39.5984316384396,50,0.001,False,50,50,128,128,MobileNet,ResNet101,hint,"KD,T-8",6,26,0,"noise,0.9","cifar10,",noise/0.9
329,10.0,93.94,721.8918874233584,26.625269877759717,10.01,10.014,126.7116831513622,39.61051867746026,50,0.001,False,50,50,128,128,MobileNet,ResNet101,hint,"KD,T-8",15,56,1,"noise,0.9","cifar10,",noise/0.9
330,10.01,93.94,50623.852375271956,18.997389564031288,10.002,10.006,142.63782089506574,39.617774807278764,50,0.001,False,50,50,128,128,MobileNet,ResNet101,hint,"KD,T-8",26,219,2,"noise,0.9","cifar10,",noise/0.9
331,10.05,93.94,31534.232800290556,25.844113289555416,10.0,10.006,0.25118262452237744,39.65506024372852,50,0.001,False,50,50,128,128,MobileNet,ResNet101,hint,"KD,T-8",55,239,3,"noise,0.9","cifar10,",noise/0.9
332,10.0,93.94,0.3766482098947597,24.613170503061028,10.002,10.006,0.013164302589052625,39.5149388520614,50,0.001,False,50,50,128,128,MobileNet,ResNet101,nst_linear,"KD,T-8",6,26,0,"noise,0.9","cifar10,",noise/0.9
333,10.0,93.94,0.4421259772173966,33.509883277023896,10.002,10.008,0.0057852686528126,39.589932395369196,50,0.001,False,50,50,128,128,MobileNet,ResNet101,nst_linear,"KD,T-8",15,56,1,"noise,0.9","cifar10,",noise/0.9
334,10.05,93.94,0.29605103897143015,22.400288352483436,10.006,10.008,0.0011459546800240722,39.615559795018655,50,0.001,False,50,50,128,128,MobileNet,ResNet101,nst_linear,"KD,T-8",26,219,2,"noise,0.9","cifar10,",noise/0.9
335,10.01,93.94,0.3179623431797269,21.324707586554034,10.004,10.016,0.002414960302817433,39.638577473438,50,0.001,False,50,50,128,128,MobileNet,ResNet101,nst_linear,"KD,T-8",55,239,3,"noise,0.9","cifar10,",noise/0.9
336,10.0,93.94,0.36885094680363617,31.16592585889599,10.0,10.008,0.00033712059495669296,39.564078230991996,50,0.001,False,50,50,128,128,MobileNet,ResNet101,PKT,"KD,T-8",6,26,0,"noise,0.9","cifar10,",noise/0.9
337,10.0,93.94,0.3594903338559066,30.05151116093503,9.998,10.012,0.00033661441998365706,39.63410310672067,50,0.001,False,50,50,128,128,MobileNet,ResNet101,PKT,"KD,T-8",15,56,1,"noise,0.9","cifar10,",noise/0.9
338,10.01,93.94,0.26764434500585627,21.182892111283316,10.006,10.014,0.0003414269655233111,39.5513283419792,50,0.001,False,50,50,128,128,MobileNet,ResNet101,PKT,"KD,T-8",26,219,2,"noise,0.9","cifar10,",noise/0.9
339,10.0,93.94,0.2667253549340405,21.451155384884604,10.01,10.014,0.0003355130861180446,39.575293753153225,50,0.001,False,50,50,128,128,MobileNet,ResNet101,PKT,"KD,T-8",55,239,3,"noise,0.9","cifar10,",noise/0.9
340,12.0,93.94,0.20107173485846458,13.91963170449945,10.004,10.01,0.00021837401626449403,39.62686101615886,50,0.001,False,50,50,128,128,ResNet18,ResNet101,att_max,"KD,T-8",10,26,0,"noise,0.9","cifar10,",noise/0.9
341,14.33,93.94,0.1817174812283697,11.321256359921225,10.004,10.004,0.00022961398499691502,39.655915565198036,50,0.001,False,50,50,128,128,ResNet18,ResNet101,att_max,"KD,T-8",23,56,1,"noise,0.9","cifar10,",noise/0.9
342,13.85,93.94,0.2126872294311282,14.59972058066839,10.008,10.006,0.00022580792781000104,39.6611819645328,50,0.001,False,50,50,128,128,ResNet18,ResNet101,att_max,"KD,T-8",35,219,2,"noise,0.9","cifar10,",noise/0.9
343,20.73,93.94,0.18390984757791592,9.054695195789579,10.004,10.014,0.0004848532708864326,39.692307133199,50,0.001,False,50,50,128,128,ResNet18,ResNet101,att_max,"KD,T-8",46,239,3,"noise,0.9","cifar10,",noise/0.9
344,14.13,93.94,0.18579815346983414,11.037410446360141,10.008,10.01,0.00021873226044955604,39.6309692402325,50,0.001,False,50,50,128,128,ResNet18,ResNet101,att_mean,"KD,T-8",10,26,0,"noise,0.9","cifar10,",noise/0.9
345,12.17,93.94,0.1794108608855477,10.3039914867546,10.006,10.006,0.00023993693654338503,39.67843516708335,50,0.001,False,50,50,128,128,ResNet18,ResNet101,att_mean,"KD,T-8",23,56,1,"noise,0.9","cifar10,",noise/0.9
346,13.6,93.94,0.20012164908119395,12.731708164456524,10.012,10.01,0.0002733952586662353,39.68639216703527,50,0.001,False,50,50,128,128,ResNet18,ResNet101,att_mean,"KD,T-8",35,219,2,"noise,0.9","cifar10,",noise/0.9
347,18.07,93.94,0.2196185141801834,11.99059596242784,10.006,10.016,0.0008177650485621274,39.66969838837529,50,0.001,False,50,50,128,128,ResNet18,ResNet101,att_mean,"KD,T-8",46,239,3,"noise,0.9","cifar10,",noise/0.9
348,15.52,93.94,68.15059294881699,14.045386905911602,10.006,10.008,26.520891594459943,39.68392218470269,50,0.001,False,50,50,128,128,ResNet18,ResNet101,hint,"KD,T-8",10,26,0,"noise,0.9","cifar10,",noise/0.9
349,26.73,93.94,321.0936379734474,6.1735582774198505,10.016,10.016,40.3854657146327,39.69242707664704,50,0.001,False,50,50,128,128,ResNet18,ResNet101,hint,"KD,T-8",23,56,1,"noise,0.9","cifar10,",noise/0.9
350,33.19,93.94,49947.891737539554,5.2726517930815495,10.012,10.014,56.882251837064544,39.695352510418125,50,0.001,False,50,50,128,128,ResNet18,ResNet101,hint,"KD,T-8",35,219,2,"noise,0.9","cifar10,",noise/0.9
351,16.55,93.94,31542.180482490152,9.025916823857948,10.008,10.008,0.13996895513190027,39.7051899414843,50,0.001,False,50,50,128,128,ResNet18,ResNet101,hint,"KD,T-8",46,239,3,"noise,0.9","cifar10,",noise/0.9
352,12.72,93.94,0.2503110047759889,14.636217213884185,10.01,10.014,0.0028118994450220445,39.636014123706865,50,0.001,False,50,50,128,128,ResNet18,ResNet101,nst_linear,"KD,T-8",10,26,0,"noise,0.9","cifar10,",noise/0.9
353,10.83,93.94,0.27277443227888665,16.94116060039665,10.01,10.012,0.002271807704911665,39.640813686048894,50,0.001,False,50,50,128,128,ResNet18,ResNet101,nst_linear,"KD,T-8",23,56,1,"noise,0.9","cifar10,",noise/0.9
354,16.38,93.94,0.18572429388384276,9.159885575499716,10.002,10.004,0.0005748991938153058,39.67454293682752,50,0.001,False,50,50,128,128,ResNet18,ResNet101,nst_linear,"KD,T-8",35,219,2,"noise,0.9","cifar10,",noise/0.9
355,25.26,93.94,0.19551824089847034,8.057845906366277,10.016,10.016,0.0013357148031749384,39.65344256818142,50,0.001,False,50,50,128,128,ResNet18,ResNet101,nst_linear,"KD,T-8",46,239,3,"noise,0.9","cifar10,",noise/0.9
356,10.5,93.94,0.260809655619573,20.729377963874914,10.0,10.002,0.00020939539427972635,39.637582569171094,50,0.001,False,50,50,128,128,ResNet18,ResNet101,PKT,"KD,T-8",10,26,0,"noise,0.9","cifar10,",noise/0.9
357,11.07,93.94,0.19604780723022508,13.306752518762517,10.006,10.008,0.0002054800160343537,39.61746456799909,50,0.001,False,50,50,128,128,ResNet18,ResNet101,PKT,"KD,T-8",23,56,1,"noise,0.9","cifar10,",noise/0.9
358,10.4,93.94,0.23615831910054894,18.156250241436535,10.008,10.01,0.0002112878437982896,39.66685530718635,50,0.001,False,50,50,128,128,ResNet18,ResNet101,PKT,"KD,T-8",35,219,2,"noise,0.9","cifar10,",noise/0.9
359,14.6,93.94,0.20990409937840473,14.025168793110907,10.006,10.002,0.00021217728897546896,39.6309559424515,50,0.001,False,50,50,128,128,ResNet18,ResNet101,PKT,"KD,T-8",46,239,3,"noise,0.9","cifar10,",noise/0.9
360,10.0,93.94,0.3486312027973465,29.58713574952717,10.014,10.016,0.0003819662358259301,38.694756724950295,50,0.001,False,50,50,128,128,MobileNet,ResNet101,att_max,"KD,T-8",6,26,0,"noise,1.0","cifar10,",noise/1.0
361,10.0,93.94,0.36789746676819235,31.53854345973534,10.008,10.028,0.0003970720550066808,38.67605035689176,50,0.001,False,50,50,128,128,MobileNet,ResNet101,att_max,"KD,T-8",15,56,1,"noise,1.0","cifar10,",noise/1.0
362,10.0,93.94,0.3252345753621452,27.19525747661349,10.006,10.01,0.00042001631773670045,38.68168077200575,50,0.001,False,50,50,128,128,MobileNet,ResNet101,att_max,"KD,T-8",26,219,2,"noise,1.0","cifar10,",noise/1.0
363,10.01,93.94,0.35266355623172807,28.273345150525056,10.01,10.008,0.0008595362372632088,38.71657835431111,50,0.001,False,50,50,128,128,MobileNet,ResNet101,att_max,"KD,T-8",55,239,3,"noise,1.0","cifar10,",noise/1.0
364,10.0,93.94,0.30245438067218927,25.183069929291932,10.004,10.014,0.00039034063087912073,38.673802075788494,50,0.001,False,50,50,128,128,MobileNet,ResNet101,att_mean,"KD,T-8",6,26,0,"noise,1.0","cifar10,",noise/1.0
365,10.0,93.94,0.3254682142523271,27.42235188544551,10.01,10.014,0.00043338825835374746,38.679837502481995,50,0.001,False,50,50,128,128,MobileNet,ResNet101,att_mean,"KD,T-8",15,56,1,"noise,1.0","cifar10,",noise/1.0
366,10.0,93.94,0.2771593460553809,21.68326942830146,10.01,10.016,0.0005585420177058528,38.686060039588554,50,0.001,False,50,50,128,128,MobileNet,ResNet101,att_mean,"KD,T-8",26,219,2,"noise,1.0","cifar10,",noise/1.0
367,10.08,93.94,0.3512734510476076,24.242971758299237,10.008,10.008,0.0013889962568512315,38.68676837813824,50,0.001,False,50,50,128,128,MobileNet,ResNet101,att_mean,"KD,T-8",55,239,3,"noise,1.0","cifar10,",noise/1.0
368,10.0,93.94,190.14942796924447,33.20493756064886,10.014,10.018,130.72219438869934,38.68464178685337,50,0.001,False,50,50,128,128,MobileNet,ResNet101,hint,"KD,T-8",6,26,0,"noise,1.0","cifar10,",noise/1.0
369,10.0,93.94,844.6621371884889,37.15962378586395,10.014,10.026,124.50014273406904,38.70974766567845,50,0.001,False,50,50,128,128,MobileNet,ResNet101,hint,"KD,T-8",15,56,1,"noise,1.0","cifar10,",noise/1.0
370,10.0,93.94,51615.50958329213,33.01491775995569,10.006,10.006,142.04876759716922,38.710410788845834,50,0.001,False,50,50,128,128,MobileNet,ResNet101,hint,"KD,T-8",26,219,2,"noise,1.0","cifar10,",noise/1.0
371,10.0,93.94,31529.392214280142,28.92506872249555,9.998,10.024,0.23393301913500442,38.71141262005662,50,0.001,False,50,50,128,128,MobileNet,ResNet101,hint,"KD,T-8",55,239,3,"noise,1.0","cifar10,",noise/1.0
372,10.0,93.94,0.5619487355027017,42.12055172497713,10.022,10.032,0.012813138818401662,38.60974762079966,50,0.001,False,50,50,128,128,MobileNet,ResNet101,nst_linear,"KD,T-8",6,26,0,"noise,1.0","cifar10,",noise/1.0
373,10.0,93.94,0.4455509770520126,33.541179415545884,10.012,10.022,0.005677180246823965,38.69517597091168,50,0.001,False,50,50,128,128,MobileNet,ResNet101,nst_linear,"KD,T-8",15,56,1,"noise,1.0","cifar10,",noise/1.0
374,10.01,93.94,0.380360942852648,31.145486324648314,10.004,10.016,0.0011888838246883944,38.703705516922504,50,0.001,False,50,50,128,128,MobileNet,ResNet101,nst_linear,"KD,T-8",26,219,2,"noise,1.0","cifar10,",noise/1.0
375,10.0,93.94,0.42266728681854054,33.210148243964476,10.006,10.006,0.0023541344928762415,38.711296930337504,50,0.001,False,50,50,128,128,MobileNet,ResNet101,nst_linear,"KD,T-8",55,239,3,"noise,1.0","cifar10,",noise/1.0
376,10.0,93.94,0.2993848229510875,24.714632686180405,9.996,10.012,0.00035581767727719746,38.64631405023053,50,0.001,False,50,50,128,128,MobileNet,ResNet101,PKT,"KD,T-8",6,26,0,"noise,1.0","cifar10,",noise/1.0
377,10.0,93.94,0.40180557928507843,34.257684997365445,9.994,10.008,0.0003703873056848117,38.67016515707421,50,0.001,False,50,50,128,128,MobileNet,ResNet101,PKT,"KD,T-8",15,56,1,"noise,1.0","cifar10,",noise/1.0
378,10.0,93.94,0.3190366557881802,27.048091164118127,10.002,10.01,0.0003620625561093697,38.67574948362073,50,0.001,False,50,50,128,128,MobileNet,ResNet101,PKT,"KD,T-8",26,219,2,"noise,1.0","cifar10,",noise/1.0
379,10.0,93.94,0.4064017149466502,34.88723489302623,10.012,10.012,0.00036417138315421646,38.65336793280014,50,0.001,False,50,50,128,128,MobileNet,ResNet101,PKT,"KD,T-8",55,239,3,"noise,1.0","cifar10,",noise/1.0
380,11.32,93.94,0.21994168056717403,16.174516267414333,10.004,10.012,0.00022909590313324222,38.731351535338575,50,0.001,False,50,50,128,128,ResNet18,ResNet101,att_max,"KD,T-8",10,26,0,"noise,1.0","cifar10,",noise/1.0
381,12.62,93.94,0.23423160442823096,16.71289615389667,10.008,10.02,0.00024161361130502294,38.754685053130245,50,0.001,False,50,50,128,128,ResNet18,ResNet101,att_max,"KD,T-8",23,56,1,"noise,1.0","cifar10,",noise/1.0
382,10.11,93.94,0.24933138112478617,20.273741009869152,10.01,10.024,0.0002476657084111944,38.73216742200925,50,0.001,False,50,50,128,128,ResNet18,ResNet101,att_max,"KD,T-8",35,219,2,"noise,1.0","cifar10,",noise/1.0
383,16.14,93.94,0.19142659725267677,9.847792927222915,10.016,10.02,0.00047769463572548725,38.78789326114118,50,0.001,False,50,50,128,128,ResNet18,ResNet101,att_max,"KD,T-8",46,239,3,"noise,1.0","cifar10,",noise/1.0
384,11.5,93.94,0.20351976514617098,14.068560238125958,10.002,10.012,0.00023586402436250303,38.738142564778435,50,0.001,False,50,50,128,128,ResNet18,ResNet101,att_mean,"KD,T-8",10,26,0,"noise,1.0","cifar10,",noise/1.0
385,11.0,93.94,0.216651808423332,15.135891274560857,10.014,10.018,0.0002479550402338767,38.7615702012006,50,0.001,False,50,50,128,128,ResNet18,ResNet101,att_mean,"KD,T-8",23,56,1,"noise,1.0","cifar10,",noise/1.0
386,16.76,93.94,0.19316774757602548,11.494642474983312,10.012,10.022,0.0002753994209677591,38.76300603959262,50,0.001,False,50,50,128,128,ResNet18,ResNet101,att_mean,"KD,T-8",35,219,2,"noise,1.0","cifar10,",noise/1.0
387,20.54,93.94,0.2050757964577856,8.521467281293265,10.008,10.014,0.0007835688961781752,38.759711194831084,50,0.001,False,50,50,128,128,ResNet18,ResNet101,att_mean,"KD,T-8",46,239,3,"noise,1.0","cifar10,",noise/1.0
388,14.0,93.94,68.88547960112366,14.903123662441592,10.01,10.02,27.630097942888888,38.747300745581114,50,0.001,False,50,50,128,128,ResNet18,ResNet101,hint,"KD,T-8",10,26,0,"noise,1.0","cifar10,",noise/1.0
389,17.03,93.94,361.27610334565367,9.464411711391014,10.004,10.008,39.74005591351053,38.76858564410978,50,0.001,False,50,50,128,128,ResNet18,ResNet101,hint,"KD,T-8",23,56,1,"noise,1.0","cifar10,",noise/1.0
390,26.94,93.94,50048.97389240506,6.762186436713496,10.01,10.02,55.31285924496858,38.786768071791705,50,0.001,False,50,50,128,128,ResNet18,ResNet101,hint,"KD,T-8",35,219,2,"noise,1.0","cifar10,",noise/1.0
391,19.28,93.94,31534.00586142721,9.133370815953121,10.01,10.016,0.12939699037986643,38.77018306566321,50,0.001,False,50,50,128,128,ResNet18,ResNet101,hint,"KD,T-8",46,239,3,"noise,1.0","cifar10,",noise/1.0
392,10.02,93.94,0.2605798191662076,16.776104758057414,10.008,10.014,0.0027368497645334743,38.75219492412284,50,0.001,False,50,50,128,128,ResNet18,ResNet101,nst_linear,"KD,T-8",10,26,0,"noise,1.0","cifar10,",noise/1.0
393,10.37,93.94,0.2937672383423093,19.892251268217834,10.01,10.02,0.002190815122283595,38.73555894641925,50,0.001,False,50,50,128,128,ResNet18,ResNet101,nst_linear,"KD,T-8",23,56,1,"noise,1.0","cifar10,",noise/1.0
394,13.06,93.94,0.19673678090300742,10.60609346703638,10.014,10.018,0.0005783529385276463,38.79048525524871,50,0.001,False,50,50,128,128,ResNet18,ResNet101,nst_linear,"KD,T-8",35,219,2,"noise,1.0","cifar10,",noise/1.0
395,23.46,93.94,0.20105481166628342,8.428604059581515,10.01,10.006,0.0013115839172831124,38.780302891645896,50,0.001,False,50,50,128,128,ResNet18,ResNet101,nst_linear,"KD,T-8",46,239,3,"noise,1.0","cifar10,",noise/1.0
396,13.06,93.94,0.18732311680347105,10.875331625153747,10.002,10.006,0.00022621459373489708,38.7461956443689,50,0.001,False,50,50,128,128,ResNet18,ResNet101,PKT,"KD,T-8",10,26,0,"noise,1.0","cifar10,",noise/1.0
397,10.15,93.94,0.2547303247678129,20.034711958486824,10.006,10.014,0.00023229623029855272,38.742674786111586,50,0.001,False,50,50,128,128,ResNet18,ResNet101,PKT,"KD,T-8",23,56,1,"noise,1.0","cifar10,",noise/1.0
398,10.91,93.94,0.2558385054521923,18.802161132233053,10.012,10.018,0.00023219991504224233,38.73574291531692,50,0.001,False,50,50,128,128,ResNet18,ResNet101,PKT,"KD,T-8",35,219,2,"noise,1.0","cifar10,",noise/1.0
399,10.87,93.94,0.2415717466722561,19.20221391508851,10.002,10.002,0.00022914266435440173,38.782803489119196,50,0.001,False,50,50,128,128,ResNet18,ResNet101,PKT,"KD,T-8",46,239,3,"noise,1.0","cifar10,",noise/1.0
